country,date,bot,inflation,interest,liquidity,debt
"Afghanistan, Islamic Rep. of",2017-01-01,"-6,803.56",,,,
"Afghanistan, Islamic Rep. of",2018-01-01,"-6,378.17",,,,
"Afghanistan, Islamic Rep. of",2019-1-1,"-5,855.06",149.9,...,"7,426.98",
"Afghanistan, Islamic Rep. of",2020-1-1,"-5,506.55",...,...,"8,419.49",
"Afghanistan, Islamic Rep. of",2021-1-1,...,...,...,...,
Albania,2017-01-01,"-1,978.66",,,,
Albania,2018-01-01,"-2,069.59",,,,
Albania,2019-1-1,"-2,103.43",119.05,6.28,"3,626.59",65.73
Albania,2020-1-1,"-2,210.46",120.98,6.12,"4,647.19",74.45
Albania,2021-1-1,"-2,392.17",123.45,6.02,"5,470.75",73.17
Algeria,2017-01-01,"-22,402.64",,,,
Algeria,2018-01-01,"-15,701.39",,,,
Algeria,2019-1-1,"-15,707.64",151.36,8.00,"63,297.61",46.04
Algeria,2020-1-1,"-17,445.13",155.02,8.00,"48,882.05",52.27
Algeria,2021-1-1,"-2,546.28",166.22,8.00,"46,054.85",62.99
"Andorra, Principality of",2017-01-01,...,,,,
"Andorra, Principality of",2018-01-01,...,,,,
"Andorra, Principality of",2019-1-1,302.8,,,,
"Andorra, Principality of",2020-1-1,114.55,,,,
"Andorra, Principality of",2021-1-1,...,,,,
Angola,2017-01-01,"7,341.50",,,,
Angola,2018-01-01,"15,501.54",,,,
Angola,2019-1-1,"12,880.81",379.6,19.30,"16,334.85",113.55
Angola,2020-1-1,"5,858.76",464.14,19.66,"13,781.99",136.54
Angola,2021-1-1,"14,829.79",583.68,19.40,"14,468.11",86.41
Anguilla,2017-01-01,-13.1,,,,
Anguilla,2018-01-01,-200.8,,,,
Anguilla,2019-1-1,-128.23,107.12,8.89,58.71,
Anguilla,2020-1-1,-114.16,106.61,8.84,52.81,
Anguilla,2021-1-1,-149.11,108.53,7.80,56.30,
Antigua and Barbuda,2017-01-01,17.93,,,,
Antigua and Barbuda,2018-01-01,-94.94,,,,
Antigua and Barbuda,2019-1-1,13.66,115.44,8.61,279.13,81.25
Antigua and Barbuda,2020-1-1,-148.47,116.16,7.68,221.81,101.48
Antigua and Barbuda,2021-1-1,-114.6,118.56,7.39,367.51,101.37
Argentina,2017-01-01,"-15,142.50",,,,
Argentina,2018-01-01,"-9,678.50",,,,
Argentina,2019-1-1,"13,390.55",,67.25,"42,192.53",88.84
Argentina,2020-1-1,"12,092.40",,29.39,"35,649.97",102.79
Argentina,2021-1-1,"15,052.83",,35.56,"36,448.37",80.93
"Armenia, Rep. of",2017-01-01,"-1,243.55",,,,
"Armenia, Rep. of",2018-01-01,"-1,752.74",,,,
"Armenia, Rep. of",2019-1-1,"-1,808.98",129.18,12.14,"2,849.65",
"Armenia, Rep. of",2020-1-1,"-1,264.11",130.74,11.62,"2,615.53",
"Armenia, Rep. of",2021-1-1,"-1,107.86",140.13,11.76,"3,229.85",
"Aruba, Kingdom of the Netherlands",2017-01-01,267.37,,,,
"Aruba, Kingdom of the Netherlands",2018-01-01,287.4,,,,
"Aruba, Kingdom of the Netherlands",2019-1-1,321.66,109.53,5.70,830.00,
"Aruba, Kingdom of the Netherlands",2020-1-1,-200.49,...,6.80,"1,023.47",
"Aruba, Kingdom of the Netherlands",2021-1-1,253.59,...,...,"1,330.95",
Australia,2017-01-01,"7,240.69",,,,
Australia,2018-01-01,"15,601.72",,,,
Australia,2019-1-1,"47,467.24",119.8,5.10,"55,603.58",36.54
Australia,2020-1-1,"50,453.09",120.81,...,"39,152.00",43.73
Australia,2021-1-1,"90,807.78",124.27,...,"53,789.56",43.95
Austria,2017-01-01,"12,470.32",,,,
Austria,2018-01-01,"13,271.15",,,,
Austria,2019-1-1,"15,746.44",118.06,,"9,906.35",52.52
Austria,2020-1-1,"12,997.59",119.69,,"13,415.88",62.74
Austria,2021-1-1,"2,507.55",123,,"17,572.46",62.9
"Azerbaijan, Rep. of",2017-01-01,"2,735.43",,,,
"Azerbaijan, Rep. of",2018-01-01,"7,779.27",,,,
"Azerbaijan, Rep. of",2019-1-1,"5,917.28",156.89,17.28,"7,042.90",
"Azerbaijan, Rep. of",2020-1-1,-329.07,161.22,17.18,"7,633.63",
"Azerbaijan, Rep. of",2021-1-1,"9,150.72",171.94,16.43,"8,307.16",
"Bahamas, The",2017-01-01,"-1,158.78",,,,
"Bahamas, The",2018-01-01,-364.42,,,,
"Bahamas, The",2019-1-1,324.22,116.22,4.25,"1,757.78",59.67
"Bahamas, The",2020-1-1,"-1,760.45",116.26,4.25,"2,382.08",87.46
"Bahamas, The",2021-1-1,"-1,722.27",119.64,4.25,"2,432.72",90.71
"Bahrain, Kingdom of",2017-01-01,"2,855.85",,,,
"Bahrain, Kingdom of",2018-01-01,"2,910.37",,,,
"Bahrain, Kingdom of",2019-1-1,...,118.77,,"3,674.20",
"Bahrain, Kingdom of",2020-1-1,...,116.02,,"2,239.41",
"Bahrain, Kingdom of",2021-1-1,...,115.32,,"4,720.18",
Bangladesh,2017-01-01,"-17,594.49",,,,
Bangladesh,2018-01-01,"-21,457.17",,,,
Bangladesh,2019-1-1,"-19,272.61",179.68,9.56,"32,012.89",31.66
Bangladesh,2020-1-1,"-18,300.38",189.91,8.30,"42,322.36",34.18
Bangladesh,2021-1-1,"-36,008.21",200.44,7.32,"45,348.05",35.55
Barbados,2017-01-01,15.07,,,,
Barbados,2018-01-01,...,,,,
Barbados,2019-1-1,...,134.09,8.05,772.12,119.61
Barbados,2020-1-1,...,...,8.05,"1,358.01",142.04
Barbados,2021-1-1,...,...,8.05,"1,672.88",141.88
"Belarus, Rep. of",2017-01-01,100.1,,,,
"Belarus, Rep. of",2018-01-01,929.1,,,,
"Belarus, Rep. of",2019-1-1,-403,508.34,9.02,"7,006.67",
"Belarus, Rep. of",2020-1-1,"1,947.60",536.54,9.03,"4,426.89",
"Belarus, Rep. of",2021-1-1,"3,970.55",587.3,10.12,"5,301.81",
Belgium,2017-01-01,"5,262.61",,,,
Belgium,2018-01-01,"-1,650.68",,,,
Belgium,2019-1-1,"3,344.46",117.11,,"17,835.33",82.92
Belgium,2020-1-1,"8,875.92",117.98,,"19,470.40",94.19
Belgium,2021-1-1,"6,605.27",120.86,,"28,565.62",90.71
Belize,2017-01-01,-56.98,,,,
Belize,2018-01-01,-83.79,,,,
Belize,2019-1-1,-100.72,106.16,9.07,277.58,79.01
Belize,2020-1-1,-187.2,106.29,8.73,348.09,104.49
Belize,2021-1-1,-208.07,109.73,8.44,420.10,82.21
Benin,2017-01-01,-703.52,,,,
Benin,2018-01-01,-821.05,,,,
Benin,2019-1-1,-721.67,110.72,6.69,,41.23
Benin,2020-1-1,-435.72,114.07,6.54,,46.14
Benin,2021-1-1,-771.73,116.04,6.25,,49.94
Bermuda,2017-01-01,-649.15,,,,
Bermuda,2018-01-01,-611.55,,,,
Bermuda,2019-1-1,-618.77,,,,
Bermuda,2020-1-1,-696.02,,,,
Bermuda,2021-1-1,-801.88,,,,
Bhutan,2017-01-01,-518.57,,,,
Bhutan,2018-01-01,-462.86,,,,
Bhutan,2019-1-1,-452.2,167.18,14.00,"1,228.30",106.49
Bhutan,2020-1-1,-401.8,176.59,14.00,"1,423.13",130.89
Bhutan,2021-1-1,-284.91,189.57,14.00,932.58,132.42
Bolivia,2017-01-01,"-2,173.22",,,,
Bolivia,2018-01-01,"-1,992.41",,,,
Bolivia,2019-1-1,"-1,686.18",148.32,8.40,"4,373.78",40.2
Bolivia,2020-1-1,-634.88,149.71,7.59,"2,662.44",57.83
Bolivia,2021-1-1,679.1,150.82,8.02,"2,242.41",62.73
Bosnia and Herzegovina,2017-01-01,"-2,940.15",,,,
Bosnia and Herzegovina,2018-01-01,"-2,963.55",,,,
Bosnia and Herzegovina,2019-1-1,"-2,957.32",104.9,3.29,"7,061.49",32.53
Bosnia and Herzegovina,2020-1-1,"-2,789.46",103.79,3.07,"8,525.57",36.53
Bosnia and Herzegovina,2021-1-1,"-2,777.97",105.85,3.20,"9,300.31",35.43
Botswana,2017-01-01,623.19,,,,
Botswana,2018-01-01,169.94,,,,
Botswana,2019-1-1,"-1,467.06",149.75,6.40,"6,170.22",16.28
Botswana,2020-1-1,"-2,603.33",152.58,5.75,"4,940.89",19.71
Botswana,2021-1-1,"-1,345.94",163.63,5.25,"4,801.61",20.16
Brazil,2017-01-01,"15,696.76",,,,
Brazil,2018-01-01,"4,045.10",,,,
Brazil,2019-1-1,"-11,934.21",167.4,37.48,"353,587.90",82.68
Brazil,2020-1-1,"7,712.51",172.77,29.04,"351,518.55",92.67
Brazil,2021-1-1,"9,406.38",187.12,30.02,"354,623.06",87.75
Brunei Darussalam,2017-01-01,"1,705.23",,,,
Brunei Darussalam,2018-01-01,"1,359.24",,,,
Brunei Darussalam,2019-1-1,"1,021.91",99.03,5.50,"4,051.94",2.58
Brunei Darussalam,2020-1-1,503.99,100.95,5.50,"3,721.32",2.86
Brunei Darussalam,2021-1-1,"1,982.72",102.7,5.50,"4,717.08",2.51
Bulgaria,2017-01-01,"2,608.88",,,,
Bulgaria,2018-01-01,"1,612.30",,,,
Bulgaria,2019-1-1,"2,198.59",114.42,4.55,"25,919.57",24.58
Bulgaria,2020-1-1,"1,343.92",116.33,4.34,"35,377.55",30.13
Bulgaria,2021-1-1,"1,445.73",120.17,4.12,"36,798.32",32.85
Burkina Faso,2017-01-01,-898.23,,,,
Burkina Faso,2018-01-01,-655.59,,,,
Burkina Faso,2019-1-1,-555.48,108.36,6.69,,42.54
Burkina Faso,2020-1-1,576.82,110.4,6.54,,46.37
Burkina Faso,2021-1-1,398.79,114.43,6.25,,52.37
Burundi,2017-01-01,-614.74,,,,
Burundi,2018-01-01,-620.19,,,,
Burundi,2019-1-1,...,182.11,14.53,109.90,59.99
Burundi,2020-1-1,...,195.44,12.20,88.49,65.97
Burundi,2021-1-1,...,211.87,12.86,264.41,66.56
Cabo Verde,2017-01-01,-384.09,,,,
Cabo Verde,2018-01-01,-366.36,,,,
Cabo Verde,2019-1-1,-281.31,110.5,9.14,737.99,113.98
Cabo Verde,2020-1-1,-584.43,111.17,8.19,674.57,145.13
Cabo Verde,2021-1-1,-652.11,113.24,7.62,711.41,142.3
Cambodia,2017-01-01,"-2,414.81",,,,
Cambodia,2018-01-01,"-3,448.79",,,,
Cambodia,2019-1-1,"-4,443.12",130.11,,"17,033.07",
Cambodia,2020-1-1,"-2,800.99",133.94,,"18,563.83",
Cambodia,2021-1-1,"-12,703.98",137.85,,"17,317.63",
Cameroon,2017-01-01,-722.6,,,,
Cameroon,2018-01-01,"-1,121.43",,,,
Cameroon,2019-1-1,"-1,354.60",118.65,,...,36.28
Cameroon,2020-1-1,"-1,088.01",121.54,,...,39.39
Cameroon,2021-1-1,"-1,578.53",124.3,,...,41.02
Canada,2017-01-01,"-36,237.67",,,,
Canada,2018-01-01,"-33,732.77",,,,
Canada,2019-1-1,"-25,538.10",116.76,...,"85,297.11",35.72
Canada,2020-1-1,"-36,829.77",117.59,...,"90,428.14",59.45
Canada,2021-1-1,-877.79,121.59,...,"106,615.12",55.55
Cayman Islands,2017-01-01,"1,581.28",,,,
Cayman Islands,2018-01-01,"1,441.23",,,,
Cayman Islands,2019-1-1,"1,462.42",,,183.50,
Cayman Islands,2020-1-1,"1,144.45",,,216.80,
Cayman Islands,2021-1-1,...,,,228.30,
Chile,2017-01-01,"1,879.85",,,,
Chile,2018-01-01,"-2,932.91",,,,
Chile,2019-1-1,"-5,068.93",131.91,...,"40,643.49",28.3
Chile,2020-1-1,"11,615.62",135.93,...,"39,151.18",32.6
Chile,2021-1-1,"-1,451.17",142.08,...,"51,237.79",36.29
"China, P.R.: Hong Kong",2017-01-01,"3,429.56",,,,
"China, P.R.: Hong Kong",2018-01-01,-765.45,,,,
"China, P.R.: Hong Kong",2019-1-1,"5,667.63",134.65,5.10,"441,247.55",
"China, P.R.: Hong Kong",2020-1-1,"6,664.18",134.99,5.00,"491,649.02",
"China, P.R.: Hong Kong",2021-1-1,"20,534.61",137.1,5.00,"496,745.19",
"China, P.R.: Macao",2017-01-01,"23,267.52",,,,
"China, P.R.: Macao",2018-01-01,"27,326.55",,,,
"China, P.R.: Macao",2019-1-1,"27,962.98",144.05,5.36,"22,214.95",
"China, P.R.: Macao",2020-1-1,514.41,145.21,5.26,"25,144.94",
"China, P.R.: Macao",2021-1-1,"3,596.32",145.25,5.26,"26,664.87",
"China, P.R.: Mainland",2017-01-01,"217,009.90",,,,
"China, P.R.: Mainland",2018-01-01,"87,905.15",,,,
"China, P.R.: Mainland",2019-1-1,"131,844.30",125.08,4.35,"3,127,493.86",
"China, P.R.: Mainland",2020-1-1,"358,572.61",128.11,4.35,"3,238,782.37",
"China, P.R.: Mainland",2021-1-1,"462,807.89",129.37,4.35,"3,313,920.33",
Colombia,2017-01-01,"-8,761.51",,,,
Colombia,2018-01-01,"-10,556.19",,,,
Colombia,2019-1-1,"-14,146.15",140.95,11.77,"51,973.47",40.68
Colombia,2020-1-1,"-13,089.98",144.51,9.85,"58,247.76",51.91
Colombia,2021-1-1,"-20,032.27",149.56,9.34,"57,745.11",51.23
"Comoros, Union of the",2017-01-01,-177.1,,,,
"Comoros, Union of the",2018-01-01,-206.26,,,,
"Comoros, Union of the",2019-1-1,-211.18,,10.50,201.15,
"Comoros, Union of the",2020-1-1,-274.67,,8.09,293.25,
"Comoros, Union of the",2021-1-1,-267.54,,7.88,328.62,
"Congo, Dem. Rep. of the",2017-01-01,"-1,406.38",,,,
"Congo, Dem. Rep. of the",2018-01-01,"-1,692.79",,,,
"Congo, Dem. Rep. of the",2019-1-1,"-1,718.52",,26.74,"1,194.37",
"Congo, Dem. Rep. of the",2020-1-1,-624.34,,25.96,747.66,
"Congo, Dem. Rep. of the",2021-1-1,160.71,,23.29,"3,467.12",
"Congo, Rep. of",2017-01-01,...,,,,
"Congo, Rep. of",2018-01-01,...,,,,
"Congo, Rep. of",2019-1-1,"2,910.20",124.74,,988.32,
"Congo, Rep. of",2020-1-1,"1,391.32",126.98,,"1,140.50",
"Congo, Rep. of",2021-1-1,...,129.16,,828.56,
Costa Rica,2017-01-01,393.33,,,,
Costa Rica,2018-01-01,919.01,,,,
Costa Rica,2019-1-1,"2,423.74",128.85,8.75,"8,937.07",56.08
Costa Rica,2020-1-1,"2,476.88",129.78,6.64,"7,231.53",67.19
Costa Rica,2021-1-1,"2,096.33",132.02,5.51,"6,921.17",68.31
"Croatia, Rep. of",2017-01-01,583.54,,,,
"Croatia, Rep. of",2018-01-01,-647.5,,,,
"Croatia, Rep. of",2019-1-1,-289.1,109.82,,"20,770.64",
"Croatia, Rep. of",2020-1-1,"-3,947.54",109.99,,"23,253.82",
"Croatia, Rep. of",2021-1-1,"-1,022.65",112.8,,"28,308.83",
CuraÃ§ao and Sint Maarten,2017-01-01,-720.91,,,,
CuraÃ§ao and Sint Maarten,2018-01-01,"-1,229.80",,,,
CuraÃ§ao and Sint Maarten,2019-1-1,-703.05,,,"1,282.38",
CuraÃ§ao and Sint Maarten,2020-1-1,-928.27,,,"1,624.56",
CuraÃ§ao and Sint Maarten,2021-1-1,-840.43,,,"1,769.87",
"CuraÃ§ao, Kingdom of the Netherlands",2017-01-01,-666.66,,,,
"CuraÃ§ao, Kingdom of the Netherlands",2018-01-01,-810.45,,,,
"CuraÃ§ao, Kingdom of the Netherlands",2019-1-1,-556.2,115.53,,,
"CuraÃ§ao, Kingdom of the Netherlands",2020-1-1,-694.48,...,,,
"CuraÃ§ao, Kingdom of the Netherlands",2021-1-1,-635.7,...,,,
Cyprus,2017-01-01,-92.85,,,,
Cyprus,2018-01-01,365.57,,,,
Cyprus,2019-1-1,260.12,102.51,,352.68,129
Cyprus,2020-1-1,-332.2,101.86,,392.00,156.24
Cyprus,2021-1-1,802.51,104.35,,797.46,142.82
Czech Rep.,2017-01-01,"16,255.12",,,,
Czech Rep.,2018-01-01,"14,918.71",,,,
Czech Rep.,2019-1-1,"15,115.74",116.48,3.69,"149,464.30",
Czech Rep.,2020-1-1,"16,708.56",120.16,3.34,"165,548.77",
Czech Rep.,2021-1-1,"8,541.59",124.77,3.20,"172,998.74",
CÃ´te d'Ivoire,2017-01-01,"1,006.91",,,,
CÃ´te d'Ivoire,2018-01-01,-98.66,,,,
CÃ´te d'Ivoire,2019-1-1,910.07,111.61,...,,
CÃ´te d'Ivoire,2020-1-1,571.59,114.31,...,,
CÃ´te d'Ivoire,2021-1-1,39.66,118.99,...,,
Denmark,2017-01-01,"23,878.56",,,,
Denmark,2018-01-01,"21,805.89",,,,
Denmark,2019-1-1,"25,663.14",110.35,,"63,576.94",26.49
Denmark,2020-1-1,"22,860.98",110.81,,"68,777.15",34.72
Denmark,2021-1-1,"26,141.79",112.86,,"78,341.56",29.02
Djibouti,2017-01-01,-159.43,,,,
Djibouti,2018-01-01,374.12,,,,
Djibouti,2019-1-1,386.01,120.25,,501.86,42.04
Djibouti,2020-1-1,270.1,122.39,,686.34,43.99
Djibouti,2021-1-1,-323.1,...,,588.42,45.95
Dominica,2017-01-01,-102.39,,,,
Dominica,2018-01-01,-263.63,,,,
Dominica,2019-1-1,-214.85,105.43,7.54,155.17,89.33
Dominica,2020-1-1,-207.96,104.67,6.90,165.82,118.23
Dominica,2021-1-1,-184.43,...,6.30,190.84,108.62
Dominican Rep.,2017-01-01,"-2,049.90",,,,
Dominican Rep.,2018-01-01,"-4,062.70",,,,
Dominican Rep.,2019-1-1,"-4,016.80",132.17,12.49,"8,843.08",
Dominican Rep.,2020-1-1,"-5,412.50",137.17,10.98,"10,810.21",
Dominican Rep.,2021-1-1,"-8,032.30",148.48,9.61,"13,091.34",
Eastern Caribbean Currency Union (ECCU),2017-01-01,-257.83,,,,
Eastern Caribbean Currency Union (ECCU),2018-01-01,-615.88,,,,
Eastern Caribbean Currency Union (ECCU),2019-1-1,-270.2,,8.06,"1,717.78",
Eastern Caribbean Currency Union (ECCU),2020-1-1,"-1,093.17",,7.40,"1,765.88",
Eastern Caribbean Currency Union (ECCU),2021-1-1,-975.93,,6.98,"2,068.39",
Ecuador,2017-01-01,-493.3,,,,
Ecuador,2018-01-01,-890.01,,,,
Ecuador,2019-1-1,229.95,124.14,,"1,865.09",49.84
Ecuador,2020-1-1,"2,523.29",123.72,,"5,235.59",no data
Ecuador,2021-1-1,757.68,123.89,,"6,082.56",no data
"Egypt, Arab Rep. of",2017-01-01,"-27,349.40",,,,
"Egypt, Arab Rep. of",2018-01-01,"-24,708.59",,,,
"Egypt, Arab Rep. of",2019-1-1,"-25,428.19",288.57,16.12,"40,685.37",
"Egypt, Arab Rep. of",2020-1-1,"-32,380.69",303.13,11.37,"34,094.95",
"Egypt, Arab Rep. of",2021-1-1,"-35,699.51",318.94,9.43,"35,089.75",
El Salvador,2017-01-01,"-4,111.47",,,,
El Salvador,2018-01-01,"-4,758.31",,,,
El Salvador,2019-1-1,"-4,411.89",111.23,,"4,378.65",48.49
El Salvador,2020-1-1,"-4,468.71",110.82,,"2,999.44",63.37
El Salvador,2021-1-1,"-7,263.00",114.66,,"3,345.77",58.99
"Estonia, Rep. of",2017-01-01,"1,098.51",,,,
"Estonia, Rep. of",2018-01-01,842.26,,,,
"Estonia, Rep. of",2019-1-1,"1,249.41",122.14,,"1,414.26",
"Estonia, Rep. of",2020-1-1,-43.91,121.6,,"1,981.76",
"Estonia, Rep. of",2021-1-1,-178,127.26,,"2,356.92",
"Eswatini, Kingdom of",2017-01-01,-32.81,,,,
"Eswatini, Kingdom of",2018-01-01,-167.57,,,,
"Eswatini, Kingdom of",2019-1-1,123.9,166.82,10.13,440.31,
"Eswatini, Kingdom of",2020-1-1,121.63,...,7.96,545.56,
"Eswatini, Kingdom of",2021-1-1,-41.64,...,7.25,572.28,
"Ethiopia, The Federal Dem. Rep. of",2017-01-01,"-12,672.57",,,,
"Ethiopia, The Federal Dem. Rep. of",2018-01-01,"-12,304.55",,,,
"Ethiopia, The Federal Dem. Rep. of",2019-1-1,"-11,639.03",322.52,,"2,980.52",
"Ethiopia, The Federal Dem. Rep. of",2020-1-1,"-9,455.07",388.17,,"3,046.11",
"Ethiopia, The Federal Dem. Rep. of",2021-1-1,"-11,363.40",492.36,,...,
Euro Area,2017-01-01,"494,117.39",,,,
Euro Area,2018-01-01,"475,647.58",,,,
Euro Area,2019-1-1,"383,300.78",,,"386,571.31",
Euro Area,2020-1-1,"377,584.01",,,"422,889.19",
Euro Area,2021-1-1,"454,217.12",,,"565,771.85",
"Fiji, Rep. of",2017-01-01,-265.09,,,,
"Fiji, Rep. of",2018-01-01,-432.66,,,,
"Fiji, Rep. of",2019-1-1,-569.7,132.3,6.03,"1,041.78",
"Fiji, Rep. of",2020-1-1,-747.1,128.86,6.18,"1,079.92",
"Fiji, Rep. of",2021-1-1,"-1,172.50",129.06,5.94,"1,516.00",
Finland,2017-01-01,124.67,,,,
Finland,2018-01-01,"-3,434.72",,,,
Finland,2019-1-1,420.34,112.33,,"9,020.28",49.31
Finland,2020-1-1,379.81,112.66,,"10,492.04",57.09
Finland,2021-1-1,218.91,115.13,,"13,875.63",55.31
France,2017-01-01,"-23,499.18",,,,
France,2018-01-01,"-32,200.79",,,,
France,2019-1-1,"-24,198.01",110.05,,"69,725.08",80.87
France,2020-1-1,"-44,968.94",110.57,,"76,114.12",92.98
France,2021-1-1,"-36,853.23",112.39,,"101,702.80",91.76
"Gambia, The",2017-01-01,-282.51,,,,
"Gambia, The",2018-01-01,-329.21,,,,
"Gambia, The",2019-1-1,-280.34,172.73,28.00,256.96,82.97
"Gambia, The",2020-1-1,-515.3,182.98,28.00,387.05,85.89
"Gambia, The",2021-1-1,-590.78,196.46,19.50,652.67,83.78
Georgia,2017-01-01,"-1,784.88",,,,
Georgia,2018-01-01,"-1,871.98",,,,
Georgia,2019-1-1,"-1,615.85",133.61,10.82,"3,505.82",
Georgia,2020-1-1,"-3,040.80",140.56,11.80,"3,913.27",
Georgia,2021-1-1,"-3,064.98",154.01,12.51,"4,270.95",
Germany,2017-01-01,"260,592.22",,,,
Germany,2018-01-01,"244,737.21",,,,
Germany,2019-1-1,"221,128.11",112.85,,"59,184.53",37.42
Germany,2020-1-1,"221,117.44",113.02,,"63,969.35",44.43
Germany,2021-1-1,"228,572.71",116.48,,"99,169.06",46.27
Ghana,2017-01-01,"-1,685.93",,,,
Ghana,2018-01-01,-705.8,,,,
Ghana,2019-1-1,"-1,315.92",278.45,,"7,135.25",62.69
Ghana,2020-1-1,"-2,468.30",305.98,,"7,352.69",79.06
Ghana,2021-1-1,"-2,065.72",336.49,,"9,405.47",82.12
Greece,2017-01-01,"-1,656.29",,,,
Greece,2018-01-01,"-3,935.25",,,,
Greece,2019-1-1,"-2,008.00",101.95,,"2,950.03",194.28
Greece,2020-1-1,"-12,736.82",100.68,,"5,005.97",226.22
Greece,2021-1-1,"-16,011.32",101.91,,"7,772.94",212.4
Grenada,2017-01-01,-37.59,,,,
Grenada,2018-01-01,-63.55,,,,
Grenada,2019-1-1,-65.52,108.07,7.57,236.33,58.55
Grenada,2020-1-1,-165.6,107.27,6.83,293.32,71.41
Grenada,2021-1-1,-256.54,108.58,6.55,348.26,70.33
Guatemala,2017-01-01,"-6,499.97",,,,
Guatemala,2018-01-01,"-7,819.06",,,,
Guatemala,2019-1-1,"-7,928.96",142.92,12.74,"14,446.55",26.49
Guatemala,2020-1-1,"-6,553.97",147.52,12.53,"18,044.49",31.56
Guatemala,2021-1-1,"-12,070.30",153.8,12.19,"20,531.55",30.77
Guinea,2017-01-01,407.43,,,,
Guinea,2018-01-01,-104.59,,,,
Guinea,2019-1-1,-279.37,262.88,,"1,188.59",38.58
Guinea,2020-1-1,"2,682.53",290.75,,"1,245.32",47.49
Guinea,2021-1-1,"4,912.76",327.37,,...,42.54
Guinea-Bissau,2017-01-01,-71.55,,,,
Guinea-Bissau,2018-01-01,-78.7,,,,
Guinea-Bissau,2019-1-1,-210.4,112.72,...,,63.99
Guinea-Bissau,2020-1-1,-206.85,114,...,,76.51
Guinea-Bissau,2021-1-1,-183.26,116.56,...,,78.52
Guyana,2017-01-01,-573.3,,,,
Guyana,2018-01-01,"-1,645.44",,,,
Guyana,2019-1-1,"-3,219.90",116.19,10.48,573.45,43.56
Guyana,2020-1-1,-957.09,117.35,9.47,680.63,51.08
Guyana,2021-1-1,"-1,970.92",123.25,8.88,790.78,42.9
Haiti,2017-01-01,"-3,267.49",,,,
Haiti,2018-01-01,"-3,841.48",,,,
Haiti,2019-1-1,"-3,428.66",212.83,14.12,"2,266.81",25.79
Haiti,2020-1-1,"-3,191.81",261.34,14.63,"2,480.15",21.35
Haiti,2021-1-1,"-3,980.57",305.36,13.35,"2,629.79",24.23
Honduras,2017-01-01,"-3,528.27",,,,
Honduras,2018-01-01,"-4,880.01",,,,
Honduras,2019-1-1,"-4,581.92",150.34,17.34,"5,710.49",48.67
Honduras,2020-1-1,"-3,659.64",155.56,17.01,"8,096.53",58.91
Honduras,2021-1-1,"-6,553.51",162.53,15.97,"8,626.20",55.79
Hungary,2017-01-01,"9,765.62",,,,
Hungary,2018-01-01,"6,900.69",,,,
Hungary,2019-1-1,"3,835.57",121.64,1.79,"30,288.20",65.37
Hungary,2020-1-1,"3,095.25",125.69,1.96,"39,433.73",78.73
Hungary,2021-1-1,651.32,132.11,2.96,"37,953.91",75.2
Iceland,2017-01-01,"1,118.76",,,,
Iceland,2018-01-01,922.26,,,,
Iceland,2019-1-1,"1,106.92",129,6.95,"6,685.22",63.39
Iceland,2020-1-1,-329,132.68,5.76,"6,298.66",74.54
Iceland,2021-1-1,-519.78,138.57,5.40,"6,962.73",72.5
India,2017-01-01,"-72,211.61",,,,
India,2018-01-01,"-105,917.68",,,,
India,2019-1-1,"-73,451.67",171.62,9.47,"432,378.38",46.77
India,2020-1-1,"-8,342.17",182.99,9.15,"549,086.87",55.18
India,2021-1-1,"-74,039.37",192.38,8.70,"594,356.48",54.27
Indonesia,2017-01-01,"11,434.77",,,,
Indonesia,2018-01-01,"-6,713.37",,,,
Indonesia,2019-1-1,"-4,133.32",151.18,10.37,"125,339.39",30.18
Indonesia,2020-1-1,"18,545.79",154.08,9.54,"131,139.03",39.35
Indonesia,2021-1-1,"29,207.50",156.48,8.92,"140,310.24",40.71
Iraq,2017-01-01,"15,149.86",,,,
Iraq,2018-01-01,"35,054.70",,,,
Iraq,2019-1-1,"16,620.40",119.62,,"63,303.61",45.19
Iraq,2020-1-1,"-4,090.20",120.31,,"48,562.06",84.23
Iraq,2021-1-1,"27,553.60",127.57,,"58,588.71",59.08
Ireland,2017-01-01,"75,812.17",,,,
Ireland,2018-01-01,"110,478.91",,,,
Ireland,2019-1-1,"49,334.43",106.58,,"5,438.60",64.8
Ireland,2020-1-1,"82,115.32",106.23,,"7,098.06",65.4
Ireland,2021-1-1,"199,483.45",108.73,,"12,690.05",61.87
Israel,2017-01-01,"6,855.00",,,,
Israel,2018-01-01,"3,203.80",,,,
Israel,2019-1-1,"8,995.60",108.18,3.53,"126,007.83",57.38
Israel,2020-1-1,"18,444.30",107.54,3.31,"173,292.12",69.16
Israel,2021-1-1,"19,305.40",109.14,3.10,"212,933.66",66.16
Italy,2017-01-01,"57,610.45",,,,
Italy,2018-01-01,"50,617.04",,,,
Italy,2019-1-1,"67,357.78",110.62,2.60,"55,341.39",129.94
Italy,2020-1-1,"69,265.58",110.47,2.33,"61,613.81",150.85
Italy,2021-1-1,"50,016.28",112.54,2.03,"84,001.66",146.55
Jamaica,2017-01-01,"-2,357.74",,,,
Jamaica,2018-01-01,"-2,090.91",,,,
Jamaica,2019-1-1,"-2,325.85",162.49,13.00,"3,631.09",94.74
Jamaica,2020-1-1,"-2,568.35",170.98,12.06,"3,938.03",108.03
Jamaica,2021-1-1,"-3,047.22",181.01,11.49,"4,837.56",94.98
Japan,2017-01-01,"37,636.18",,,,
Japan,2018-01-01,"1,405.01",,,,
Japan,2019-1-1,"-8,615.19",105.48,...,"1,284,973.74",199.79
Japan,2020-1-1,"-7,597.68",105.46,...,"1,344,283.26",221.43
Japan,2021-1-1,"-22,513.46",105.21,...,"1,356,244.31",221.32
Jordan,2017-01-01,"-8,735.49",,,,
Jordan,2018-01-01,"-7,823.10",,,,
Jordan,2019-1-1,"-5,793.38",125.6,8.67,,78.02
Jordan,2020-1-1,"-7,979.72",126.02,7.48,,87.98
Jordan,2021-1-1,"-9,527.75",127.72,7.03,,91.9
"Kazakhstan, Rep. of",2017-01-01,"12,722.09",,,,
"Kazakhstan, Rep. of",2018-01-01,"20,177.92",,,,
"Kazakhstan, Rep. of",2019-1-1,"13,379.52",188.52,,"10,082.16",
"Kazakhstan, Rep. of",2020-1-1,"6,137.16",201.28,,"12,056.06",
"Kazakhstan, Rep. of",2021-1-1,"16,935.67",217.47,,"10,831.71",
Kenya,2017-01-01,"-8,631.67",,,,
Kenya,2018-01-01,"-8,603.30",,,,
Kenya,2019-1-1,"-8,937.17",189.97,12.44,"9,114.89",59.08
Kenya,2020-1-1,"-8,007.86",200.23,12.00,"8,296.13",67.95
Kenya,2021-1-1,"-10,027.92",212.47,12.08,"9,489.88",67.83
Kiribati,2017-01-01,-165.76,,,,
Kiribati,2018-01-01,-151.37,,,,
Kiribati,2019-1-1,-144.63,100.53,,,20.09
Kiribati,2020-1-1,-127.54,...,,,19.02
Kiribati,2021-1-1,-191.23,...,,,17.56
"Korea, Rep. of",2017-01-01,"76,858.80",,,,
"Korea, Rep. of",2018-01-01,"80,717.40",,,,
"Korea, Rep. of",2019-1-1,"52,966.80",115.16,3.45,"403,704.75",
"Korea, Rep. of",2020-1-1,"65,934.70",115.78,2.80,"437,112.59",
"Korea, Rep. of",2021-1-1,"70,444.20",118.67,2.88,"457,169.38",
"Kosovo, Rep. of",2017-01-01,"-1,842.03",,,,
"Kosovo, Rep. of",2018-01-01,"-2,219.86",,,,
"Kosovo, Rep. of",2019-1-1,"-2,142.14",118.07,...,965.83,
"Kosovo, Rep. of",2020-1-1,"-2,499.81",118.3,...,"1,095.37",
"Kosovo, Rep. of",2021-1-1,"-2,989.30",122.27,...,"1,244.32",
Kuwait,2017-01-01,"2,727.19",,,,
Kuwait,2018-01-01,"16,994.11",,,,
Kuwait,2019-1-1,"13,179.76",126.6,4.81,"39,801.56",11.64
Kuwait,2020-1-1,"3,401.19",129.26,4.14,"48,117.16",11.71
Kuwait,2021-1-1,"28,167.22",133.69,3.71,"44,903.84",8.68
Kyrgyz Rep.,2017-01-01,"-2,502.18",,,,
Kyrgyz Rep.,2018-01-01,"-3,126.81",,,,
Kyrgyz Rep.,2019-1-1,"-2,562.49",155.68,19.00,"1,723.56",
Kyrgyz Rep.,2020-1-1,"-1,615.43",165.52,17.04,"1,791.82",
Kyrgyz Rep.,2021-1-1,"-2,636.03",185.23,16.62,"2,386.08",
Lao People's Dem. Rep.,2017-01-01,"-1,129.95",,,,
Lao People's Dem. Rep.,2018-01-01,"-1,170.85",,,,
Lao People's Dem. Rep.,2019-1-1,-532.98,135.87,,"1,067.77",
Lao People's Dem. Rep.,2020-1-1,645.25,142.8,,"1,392.60",
Lao People's Dem. Rep.,2021-1-1,"1,292.83",148.16,,"1,475.79",
Latvia,2017-01-01,-193.22,,,,
Latvia,2018-01-01,-219.65,,,,
Latvia,2019-1-1,-224.87,116.86,,"4,155.22",35.27
Latvia,2020-1-1,340.89,117.11,,"4,884.94",42.29
Latvia,2021-1-1,"-1,376.41",120.95,,"5,101.64",46.43
Lebanon,2017-01-01,"-13,130.16",,,,
Lebanon,2018-01-01,"-13,620.79",,,,
Lebanon,2019-1-1,"-12,938.28",130.02,10.51,"38,168.38",172.27
Lebanon,2020-1-1,"-6,432.41",240.37,...,"25,000.68",150.58
Lebanon,2021-1-1,"-7,236.00",612.36,...,"18,454.26",165.74
"Lesotho, Kingdom of",2017-01-01,"-1,219.17",,,,
"Lesotho, Kingdom of",2018-01-01,"-1,171.10",,,,
"Lesotho, Kingdom of",2019-1-1,"-1,136.92",155.86,11.33,774.10,
"Lesotho, Kingdom of",2020-1-1,"-1,077.97",163.62,8.98,...,
"Lesotho, Kingdom of",2021-1-1,"-1,140.52",173.51,8.21,...,
Liberia,2017-01-01,-802.61,,,,
Liberia,2018-01-01,-718.14,,,,
Liberia,2019-1-1,-689.78,...,...,297.07,48.53
Liberia,2020-1-1,...,...,...,340.97,58.66
Liberia,2021-1-1,...,...,...,...,53.17
Libya,2017-01-01,"3,857.00",,,,
Libya,2018-01-01,"11,115.30",,,,
Libya,2019-1-1,"3,958.10",,,"78,952.34",no data
Libya,2020-1-1,"-4,797.20",,,"72,564.80",no data
Libya,2021-1-1,...,,,"75,436.70",no data
Lithuania,2017-01-01,"1,130.25",,,,
Lithuania,2018-01-01,958.82,,,,
Lithuania,2019-1-1,"2,903.53",118.38,,"4,800.24",34.96
Lithuania,2020-1-1,"5,306.60",119.8,,"4,492.88",45.63
Lithuania,2021-1-1,"3,020.40",125.41,,"5,239.49",43.39
Luxembourg,2017-01-01,"26,124.46",,,,
Luxembourg,2018-01-01,"24,400.17",,,,
Luxembourg,2019-1-1,"22,756.17",115.09,,945.22,16.93
Luxembourg,2020-1-1,"24,089.64",116.03,,981.03,19.62
Luxembourg,2021-1-1,"29,680.98",118.96,,"2,789.71",20.37
"Madagascar, Rep. of",2017-01-01,-344.02,,,,
"Madagascar, Rep. of",2018-01-01,-413.53,,,,
"Madagascar, Rep. of",2019-1-1,-603.01,184.31,49.00,"1,693.15",
"Madagascar, Rep. of",2020-1-1,"-1,128.98",192.06,48.87,"1,980.77",
"Madagascar, Rep. of",2021-1-1,"-1,427.38",203.22,48.28,"2,334.56",
Malawi,2017-01-01,"-1,736.99",,,,
Malawi,2018-01-01,"-1,818.62",,,,
Malawi,2019-1-1,"-1,818.97",418.34,25.67,846.84,45.3
Malawi,2020-1-1,"-1,940.11",454.43,24.22,594.50,54.79
Malawi,2021-1-1,"-2,043.30",...,23.88,...,63.93
Malaysia,2017-01-01,"21,988.28",,,,
Malaysia,2018-01-01,"24,054.47",,,,
Malaysia,2019-1-1,"27,500.98",121.46,4.88,"101,725.97",52.42
Malaysia,2020-1-1,"21,603.45",120.08,3.94,"105,279.99",62.03
Malaysia,2021-1-1,"26,470.52",123.05,3.44,"114,640.74",63.4
Maldives,2017-01-01,-182.31,,,,
Maldives,2018-01-01,-517.54,,,,
Maldives,2019-1-1,-348.34,136.56,11.52,753.50,78.81
Maldives,2020-1-1,-662.13,134.69,11.60,984.93,154.39
Maldives,2021-1-1,449.19,135.42,11.57,805.81,124.82
Mali,2017-01-01,"-2,200.12",,,,
Mali,2018-01-01,"-1,894.82",,,,
Mali,2019-1-1,"-2,116.58",108.73,...,,40.72
Mali,2020-1-1,"-1,143.58",109.2,...,,47.33
Mali,2021-1-1,"-2,215.24",113.49,...,,51.95
Malta,2017-01-01,"2,368.46",,,,
Malta,2018-01-01,"2,383.34",,,,
Malta,2019-1-1,"2,195.27",113.45,,910.20,37.93
Malta,2020-1-1,"2,570.76",114.18,,919.12,51.75
Malta,2021-1-1,"2,568.71",115.89,,"1,143.87",55.15
"Marshall Islands, Rep. of the",2017-01-01,-82.89,,,,
"Marshall Islands, Rep. of the",2018-01-01,-45.82,,,,
"Marshall Islands, Rep. of the",2019-1-1,-38.29,,,,
"Marshall Islands, Rep. of the",2020-1-1,-44.8,,,,
"Marshall Islands, Rep. of the",2021-1-1,-76.01,,,,
"Mauritania, Islamic Rep. of",2017-01-01,-944.03,,,,
"Mauritania, Islamic Rep. of",2018-01-01,"-1,222.14",,,,
"Mauritania, Islamic Rep. of",2019-1-1,"-1,158.21",135.02,...,"1,028.70",
"Mauritania, Islamic Rep. of",2020-1-1,-890.73,138.24,...,"1,493.18",
"Mauritania, Islamic Rep. of",2021-1-1,"-1,131.84",143.17,...,"2,038.56",
Mauritius,2017-01-01,"-1,777.88",,,,
Mauritius,2018-01-01,"-1,941.05",,,,
Mauritius,2019-1-1,"-2,106.39",129.91,8.45,"6,753.39",
Mauritius,2020-1-1,"-2,133.62",133.27,7.23,"6,535.00",
Mauritius,2021-1-1,"-2,884.41",138.64,6.87,"7,834.98",
Mexico,2017-01-01,"-20,460.29",,,,
Mexico,2018-01-01,"-24,706.63",,,,
Mexico,2019-1-1,"-2,734.64",141.54,8.43,"177,176.65",36.13
Mexico,2020-1-1,"22,907.68",146.35,6.34,"191,769.27",41.43
Mexico,2021-1-1,"-22,516.23",154.68,4.89,"200,775.46",40.67
"Moldova, Rep. of",2017-01-01,"-2,254.56",,,,
"Moldova, Rep. of",2018-01-01,"-2,938.01",,,,
"Moldova, Rep. of",2019-1-1,"-2,946.16",166.2,8.25,"3,056.03",
"Moldova, Rep. of",2020-1-1,"-2,696.33",172.46,8.18,"3,779.07",
"Moldova, Rep. of",2021-1-1,"-3,717.93",181.26,7.40,"3,897.60",
Mongolia,2017-01-01,277.6,,,,
Mongolia,2018-01-01,-763.75,,,,
Mongolia,2019-1-1,-833.6,195.76,17.00,"3,239.31",59.85
Mongolia,2020-1-1,305.32,203.19,16.93,"4,049.33",72.91
Mongolia,2021-1-1,-305.73,218.13,16.01,"3,814.10",59.74
Montenegro,2017-01-01,"-1,120.80",,,,
Montenegro,2018-01-01,"-1,319.28",,,,
Montenegro,2019-1-1,"-1,175.55",116.74,6.18,"1,529.18",74.91
Montenegro,2020-1-1,"-1,669.09",116.44,5.91,"2,134.82",103.47
Montenegro,2021-1-1,"-1,135.12",119.25,5.76,"1,981.68",82.54
Montserrat,2017-01-01,-33.02,,,,
Montserrat,2018-01-01,-28.81,,,,
Montserrat,2019-1-1,-25.97,109.15,6.64,56.51,
Montserrat,2020-1-1,-27.75,107.08,6.19,72.38,
Montserrat,2021-1-1,-38.27,108.87,6.12,40.34,
Morocco,2017-01-01,"-10,551.43",,,,
Morocco,2018-01-01,"-12,131.48",,,,
Morocco,2019-1-1,"-10,049.38",111.07,,"25,329.86",60.27
Morocco,2020-1-1,"-8,812.91",111.85,,"34,653.01",72.25
Morocco,2021-1-1,"-12,969.30",113.42,,"34,354.12",68.94
"Mozambique, Rep. of",2017-01-01,"-2,670.99",,,,
"Mozambique, Rep. of",2018-01-01,"-4,487.48",,,,
"Mozambique, Rep. of",2019-1-1,"-3,902.56",182.31,18.96,"3,697.23",
"Mozambique, Rep. of",2020-1-1,"-4,260.25",188.04,17.08,"3,836.11",
"Mozambique, Rep. of",2021-1-1,"-3,987.20",198.74,18.17,"3,550.53",
Myanmar,2017-01-01,"-4,829.98",,,,
Myanmar,2018-01-01,"-2,936.19",,,,
Myanmar,2019-1-1,167.25,168.18,16.00,"5,468.34",38.75
Myanmar,2020-1-1,...,...,14.83,"7,228.12",39.28
Myanmar,2021-1-1,...,...,...,...,62.35
Namibia,2017-01-01,"-1,686.28",,,,
Namibia,2018-01-01,"-1,397.16",,,,
Namibia,2019-1-1,"-1,226.98",157.97,9.88,"2,049.13",59.37
Namibia,2020-1-1,"-1,047.97",161.46,7.87,"2,171.06",66.61
Namibia,2021-1-1,"-2,131.93",167.3,6.86,"2,763.92",71.96
"Nauru, Rep. of",2017-01-01,-51.69,,,,
"Nauru, Rep. of",2018-01-01,-63.69,,,,
"Nauru, Rep. of",2019-1-1,...,,,,
"Nauru, Rep. of",2020-1-1,...,,,,
"Nauru, Rep. of",2021-1-1,...,,,,
Nepal,2017-01-01,"-9,393.30",,,,
Nepal,2018-01-01,"-11,960.66",,,,
Nepal,2019-1-1,"-11,110.08",188.73,,"8,398.19",33.13
Nepal,2020-1-1,"-8,923.10",198.27,,"11,076.69",42.44
Nepal,2021-1-1,"-14,473.56",206.37,,"9,193.55",45.81
"Netherlands, The",2017-01-01,"89,577.91",,,,
"Netherlands, The",2018-01-01,"96,359.82",,,,
"Netherlands, The",2019-1-1,"89,252.00",115.91,,"13,330.66",
"Netherlands, The",2020-1-1,"91,726.44",117.38,,"16,733.75",
"Netherlands, The",2021-1-1,"103,897.97",120.52,,"28,629.84",
New Zealand,2017-01-01,"2,199.83",,,,
New Zealand,2018-01-01,-162.78,,,,
New Zealand,2019-1-1,193.27,114.24,...,"17,813.50",31.8
New Zealand,2020-1-1,"2,440.11",116.2,...,"13,733.29",43.16
New Zealand,2021-1-1,"-8,085.22",120.78,...,"16,113.75",50.84
Nicaragua,2017-01-01,"-1,842.50",,,,
Nicaragua,2018-01-01,"-1,193.20",,,,
Nicaragua,2019-1-1,-537.4,162.74,12.46,"2,397.44",41.74
Nicaragua,2020-1-1,-597.5,168.73,11.18,"3,211.90",48.05
Nicaragua,2021-1-1,"-1,688.90",177.05,9.62,"4,046.56",49.4
Niger,2017-01-01,"-1,505.22",,,,
Niger,2018-01-01,"-1,918.55",,,,
Niger,2019-1-1,"-2,008.36",109.32,...,,39.8
Niger,2020-1-1,"-2,204.29",112.49,...,,44.99
Niger,2021-1-1,"-2,539.82",116.81,...,,51.21
Nigeria,2017-01-01,-86.13,,,,
Nigeria,2018-01-01,"-5,598.56",,,,
Nigeria,2019-1-1,"-30,893.48",267.51,15.38,"38,335.89",26.46
Nigeria,2020-1-1,"-32,241.26",302.94,13.64,"36,729.57",31.03
Nigeria,2021-1-1,"-15,251.20",354.3,11.48,...,32.7
"North Macedonia, Republic of",2017-01-01,"-1,588.37",,,,
"North Macedonia, Republic of",2018-01-01,"-1,612.26",,,,
"North Macedonia, Republic of",2019-1-1,"-1,805.08",113.4,5.61,"3,312.73",
"North Macedonia, Republic of",2020-1-1,"-1,582.53",114.76,5.19,"3,707.34",
"North Macedonia, Republic of",2021-1-1,"-2,196.97",118.46,4.86,"3,726.10",
Norway,2017-01-01,"13,910.08",,,,
Norway,2018-01-01,"25,065.48",,,,
Norway,2019-1-1,"6,069.35",120.27,3.24,"66,946.04",14.33
Norway,2020-1-1,"-3,348.21",121.82,2.70,"75,258.81",18.71
Norway,2021-1-1,"62,897.25",126.06,2.27,"84,270.94",15.75
Oman,2017-01-01,"1,889.15",,,,
Oman,2018-01-01,"10,946.36",,,,
Oman,2019-1-1,"11,014.95",113.53,5.41,"16,660.78",52.46
Oman,2020-1-1,"1,697.49",112.5,5.47,"15,006.14",69.68
Oman,2021-1-1,"9,821.99",114.24,5.50,"19,729.71",62.92
Pakistan,2017-01-01,"-35,006.62",,,,
Pakistan,2018-01-01,"-37,647.99",,,,
Pakistan,2019-1-1,"-27,305.93",182.32,12.23,"13,421.20",77.5
Pakistan,2020-1-1,"-24,764.87",200.08,10.76,"14,591.66",79.56
Pakistan,2021-1-1,"-40,826.25",219.08,8.67,"19,028.41",74.91
"Palau, Rep. of",2017-01-01,-90.23,,,,
"Palau, Rep. of",2018-01-01,-94.58,,,,
"Palau, Rep. of",2019-1-1,-118.77,121.15,,,
"Palau, Rep. of",2020-1-1,-157.62,121.41,,,
"Palau, Rep. of",2021-1-1,-168.31,124.58,,,
Panama,2017-01-01,191.74,,,,
Panama,2018-01-01,-869.42,,,,
Panama,2019-1-1,"1,089.45",122.07,7.09,"3,423.48",
Panama,2020-1-1,"2,177.98",120.18,7.01,"9,613.85",
Panama,2021-1-1,"2,914.09",122.13,6.94,...,
Papua New Guinea,2017-01-01,"4,508.68",,,,
Papua New Guinea,2018-01-01,"4,117.34",,,,
Papua New Guinea,2019-1-1,"4,907.18",155.91,8.65,"2,243.00",40.17
Papua New Guinea,2020-1-1,"3,892.73",163.51,7.81,...,47.06
Papua New Guinea,2021-1-1,"5,321.49",170.84,7.72,...,50.93
Paraguay,2017-01-01,"2,071.11",,,,
Paraguay,2018-01-01,666.18,,,,
Paraguay,2019-1-1,364.8,143.82,15.48,"7,316.17",20.84
Paraguay,2020-1-1,"1,357.20",146.36,13.54,"8,704.25",30.95
Paraguay,2021-1-1,504.55,153.37,12.51,"9,181.77",31.62
Peru,2017-01-01,"3,995.03",,,,
Peru,2018-01-01,"3,819.12",,,,
Peru,2019-1-1,"2,898.19",130.29,14.39,"66,013.56",23.04
Peru,2020-1-1,"3,530.64",132.9,12.94,"72,670.88",30.64
Peru,2021-1-1,"7,486.33",138.58,10.98,...,32.43
Philippines,2017-01-01,"-31,521.65",,,,
Philippines,2018-01-01,"-39,364.38",,,,
Philippines,2019-1-1,"-36,272.18",129.62,7.10,"79,823.66",
Philippines,2020-1-1,"-19,908.90",132.72,...,"98,512.08",
Philippines,2021-1-1,"-38,767.00",137.94,...,"99,461.67",
"Poland, Rep. of",2017-01-01,"14,865.00",,,,
"Poland, Rep. of",2018-01-01,"12,100.00",,,,
"Poland, Rep. of",2019-1-1,"22,065.00",114.11,,"117,196.23",
"Poland, Rep. of",2020-1-1,"34,319.00",117.96,,"140,316.30",
"Poland, Rep. of",2021-1-1,"22,955.00",123.93,,"152,521.86",
Portugal,2017-01-01,"3,350.64",,,,
Portugal,2018-01-01,"2,168.42",,,,
Portugal,2019-1-1,"1,836.28",110.62,,"6,271.49",119.51
Portugal,2020-1-1,"-4,387.95",110.61,,"6,199.28",139.05
Portugal,2021-1-1,"-6,766.33",112.01,,"10,147.89",131.92
Qatar,2017-01-01,"23,011.81",,,,
Qatar,2018-01-01,"36,750.00",,,,
Qatar,2019-1-1,"25,276.37",115.38,5.04,"37,651.27",62.09
Qatar,2020-1-1,"11,868.68",112.45,4.09,"37,524.56",72.61
Qatar,2021-1-1,"44,345.05",115.04,3.85,"38,892.97",58.36
Romania,2017-01-01,"-5,303.64",,,,
Romania,2018-01-01,"-8,157.21",,,,
Romania,2019-1-1,"-10,282.43",123.78,7.16,"36,931.44",35.91
Romania,2020-1-1,"-10,874.90",127.04,6.49,"45,888.85",47.51
Romania,2021-1-1,"-16,177.20",133.46,5.61,"45,821.02",49.32
Russian Federation,2017-01-01,"83,234.75",,,,
Russian Federation,2018-01-01,"164,976.05",,,,
Russian Federation,2019-1-1,"129,328.03",180.75,8.75,"443,970.00",13.16
Russian Federation,2020-1-1,"76,653.16",186.86,6.78,"457,017.57",18.54
Russian Federation,2021-1-1,"170,087.92",199.37,7.18,"497,554.42",19.56
Rwanda,2017-01-01,"-1,166.69",,,,
Rwanda,2018-01-01,"-1,298.12",,,,
Rwanda,2019-1-1,"-1,482.48",151.07,16.53,"1,464.87",49.82
Rwanda,2020-1-1,"-1,648.60",165.95,16.35,"1,806.07",65.57
Rwanda,2021-1-1,"-1,745.97",165.3,16.18,"1,894.96",66.58
Samoa,2017-01-01,-131.79,,,,
Samoa,2018-01-01,-119.46,,,,
Samoa,2019-1-1,-119.93,117.56,8.93,177.24,44.29
Samoa,2020-1-1,-260.27,115.71,8.71,277.06,43.19
Samoa,2021-1-1,-332.24,119.34,8.52,294.68,46.3
"San Marino, Rep. of",2017-01-01,118.47,,,,
"San Marino, Rep. of",2018-01-01,129.62,,,,
"San Marino, Rep. of",2019-1-1,181.98,...,3.98,473.07,
"San Marino, Rep. of",2020-1-1,206.94,...,3.73,781.67,
"San Marino, Rep. of",2021-1-1,485.34,...,3.53,954.38,
Saudi Arabia,2017-01-01,"38,017.64",,,,
Saudi Arabia,2018-01-01,"105,327.19",,,,
Saudi Arabia,2019-1-1,"66,919.08",118.4,,"499,143.23",22.49
Saudi Arabia,2020-1-1,664.28,122.48,,"453,208.23",32.4
Saudi Arabia,2021-1-1,"73,485.77",126.23,,"454,984.33",30.01
Senegal,2017-01-01,"-2,906.14",,,,
Senegal,2018-01-01,"-3,673.06",,,,
Senegal,2019-1-1,...,109.25,...,,63.58
Senegal,2020-1-1,...,112.03,...,,69.17
Senegal,2021-1-1,...,...,...,,73.16
"Serbia, Rep. of",2017-01-01,"-3,435.17",,,,
"Serbia, Rep. of",2018-01-01,"-4,813.26",,,,
"Serbia, Rep. of",2019-1-1,"-5,159.17",144,,"13,496.36",
"Serbia, Rep. of",2020-1-1,"-4,677.23",146.27,,"14,419.19",
"Serbia, Rep. of",2021-1-1,"-5,441.12",152.24,,"16,431.44",
Seychelles,2017-01-01,-180.77,,,,
Seychelles,2018-01-01,83.51,,,,
Seychelles,2019-1-1,59.76,130.3,12.60,580.55,54.2
Seychelles,2020-1-1,-92.44,141.09,11.61,559.68,84.84
Seychelles,2021-1-1,-69.83,...,9.16,702.58,72.85
Sierra Leone,2017-01-01,-750.44,,,,
Sierra Leone,2018-01-01,-855.85,,,,
Sierra Leone,2019-1-1,"-1,185.57",234.16,17.97,530.14,72.45
Sierra Leone,2020-1-1,-724.49,265.65,17.94,707.70,76.33
Sierra Leone,2021-1-1,-754.75,297.19,18.86,945.91,79.29
Singapore,2017-01-01,"91,487.95",,,,
Singapore,2018-01-01,"111,189.77",,,,
Singapore,2019-1-1,"111,111.96",114.41,5.25,"279,239.62",128.12
Singapore,2020-1-1,"108,710.13",114.2,5.25,"362,088.24",152.97
Singapore,2021-1-1,"149,452.99",116.83,5.25,"416,101.08",163.89
"Sint Maarten, Kingdom of the Netherlands",2017-01-01,-64.96,,,,
"Sint Maarten, Kingdom of the Netherlands",2018-01-01,-419.35,,,,
"Sint Maarten, Kingdom of the Netherlands",2019-1-1,-146.84,...,,,
"Sint Maarten, Kingdom of the Netherlands",2020-1-1,-233.78,...,,,
"Sint Maarten, Kingdom of the Netherlands",2021-1-1,-204.74,...,,,
Slovak Rep.,2017-01-01,"1,657.33",,,,
Slovak Rep.,2018-01-01,847.29,,,,
Slovak Rep.,2019-1-1,103.36,115.34,,"5,616.83",
Slovak Rep.,2020-1-1,"2,331.95",117.57,,"7,416.68",
Slovak Rep.,2021-1-1,71.83,121.28,,"7,754.85",
"Slovenia, Rep. of",2017-01-01,"4,384.57",,,,
"Slovenia, Rep. of",2018-01-01,"4,599.38",,,,
"Slovenia, Rep. of",2019-1-1,"4,707.36",111.05,,860.08,
"Slovenia, Rep. of",2020-1-1,"5,018.63",110.99,,"1,118.22",
"Slovenia, Rep. of",2021-1-1,"3,968.69",113.12,,"2,081.34",
Solomon Islands,2017-01-01,-85.21,,,,
Solomon Islands,2018-01-01,-67.56,,,,
Solomon Islands,2019-1-1,-161.62,133.06,10.60,535.02,7.95
Solomon Islands,2020-1-1,-127.43,137.01,10.68,661.00,13.65
Solomon Islands,2021-1-1,-205.8,136.85,5.18,684.50,16.45
South Africa,2017-01-01,"4,349.08",,,,
South Africa,2018-01-01,"1,934.90",,,,
South Africa,2019-1-1,"2,067.88",158.94,10.13,"48,919.73",56.22
South Africa,2020-1-1,"15,101.75",164.04,7.71,"47,387.36",69
South Africa,2021-1-1,"26,078.87",171.6,7.04,"50,262.15",68.98
"South Sudan, Rep. of",2017-01-01,458.39,,,,
"South Sudan, Rep. of",2018-01-01,-477.15,,,,
"South Sudan, Rep. of",2019-1-1,-251.93,"15,749.19",15.65,378.28,
"South Sudan, Rep. of",2020-1-1,"-1,900.87","20,422.89",16.09,183.61,
"South Sudan, Rep. of",2021-1-1,615.26,"22,570.71",16.09,...,
Spain,2017-01-01,"47,695.00",,,,
Spain,2018-01-01,"38,485.23",,,,
Spain,2019-1-1,"40,911.34",110.96,,"60,943.71",88.06
Spain,2020-1-1,"18,687.13",110.6,,"64,167.57",107.55
Spain,2021-1-1,"21,189.98",114.02,,"75,723.90",106.22
Sri Lanka,2017-01-01,"-6,317.05",,,,
Sri Lanka,2018-01-01,"-6,576.79",,,,
Sri Lanka,2019-1-1,"-5,147.67",155.53,11.24,"6,689.82",82.59
Sri Lanka,2020-1-1,"-5,188.54",165.1,...,"5,256.67",95.7
Sri Lanka,2021-1-1,...,176.68,...,"2,962.48",103.08
St. Kitts and Nevis,2017-01-01,-37.05,,,,
St. Kitts and Nevis,2018-01-01,0.97,,,,
St. Kitts and Nevis,2019-1-1,-47.48,104.22,8.52,362.80,
St. Kitts and Nevis,2020-1-1,-76.27,103,7.65,373.50,
St. Kitts and Nevis,2021-1-1,-19.5,104.24,7.14,337.53,
St. Lucia,2017-01-01,78.36,,,,
St. Lucia,2018-01-01,127.78,,,,
St. Lucia,2019-1-1,238.91,110.72,7.72,260.87,
St. Lucia,2020-1-1,-214.52,108.78,7.13,231.36,
St. Lucia,2021-1-1,-107.9,111.4,6.76,433.12,
St. Vincent and the Grenadines,2017-01-01,-136.17,,,,
St. Vincent and the Grenadines,2018-01-01,-130.66,,,,
St. Vincent and the Grenadines,2019-1-1,-97.6,110.67,8.35,193.36,
St. Vincent and the Grenadines,2020-1-1,-190.41,109.97,7.99,205.20,
St. Vincent and the Grenadines,2021-1-1,-286.91,111.7,7.65,311.90,
Sudan,2017-01-01,"-3,935.20",,,,
Sudan,2018-01-01,"-3,241.61",,,,
Sudan,2019-1-1,"-4,685.63","1,344.19",,...,200.35
Sudan,2020-1-1,"-5,454.16","3,364.82",,...,263.37
Sudan,2021-1-1,"-3,872.36","16,245.89",,...,181.97
Suriname,2017-01-01,363.51,,,,
Suriname,2018-01-01,166.04,,,,
Suriname,2019-1-1,-125.96,294.68,14.96,566.58,85.24
Suriname,2020-1-1,601.34,397.5,14.80,496.00,146.1
Suriname,2021-1-1,423.04,632.49,14.89,906.66,125.7
Sweden,2017-01-01,"14,624.79",,,,
Sweden,2018-01-01,"12,727.12",,,,
Sweden,2019-1-1,"23,584.82",110.51,,"49,353.66",36.52
Sweden,2020-1-1,"24,774.53",111.06,,"50,616.52",42.04
Sweden,2021-1-1,"27,280.49",113.46,,"54,696.32",39.31
Switzerland,2017-01-01,"57,803.79",,,,
Switzerland,2018-01-01,"70,986.21",,,,
Switzerland,2019-1-1,"65,101.06",99.55,2.63,"804,004.45",12.27
Switzerland,2020-1-1,"43,945.42",98.82,2.63,"1,020,171.63",13.89
Switzerland,2021-1-1,"96,785.83",99.4,2.64,"1,048,962.98",13.82
"SÃ£o TomÃ© and PrÃ­ncipe, Dem. Rep. of",2017-01-01,-101.03,,,,
"SÃ£o TomÃ© and PrÃ­ncipe, Dem. Rep. of",2018-01-01,-98.9,,,,
"SÃ£o TomÃ© and PrÃ­ncipe, Dem. Rep. of",2019-1-1,-117.04,...,19.06,47.15,
"SÃ£o TomÃ© and PrÃ­ncipe, Dem. Rep. of",2020-1-1,-110.76,...,18.83,75.29,
"SÃ£o TomÃ© and PrÃ­ncipe, Dem. Rep. of",2021-1-1,-125.89,...,18.49,75.02,
"Tajikistan, Rep. of",2017-01-01,"-1,638.94",,,,
"Tajikistan, Rep. of",2018-01-01,"-2,105.15",,,,
"Tajikistan, Rep. of",2019-1-1,"-2,165.34",,23.55,519.59,
"Tajikistan, Rep. of",2020-1-1,"-1,716.31",,...,"1,394.59",
"Tajikistan, Rep. of",2021-1-1,"-2,096.99",,...,"2,382.72",
"Tanzania, United Rep. of",2017-01-01,"-1,248.95",,,,
"Tanzania, United Rep. of",2018-01-01,"-2,091.61",,,,
"Tanzania, United Rep. of",2019-1-1,-916.99,187.43,16.97,...,
"Tanzania, United Rep. of",2020-1-1,-625.52,193.6,16.68,...,
"Tanzania, United Rep. of",2021-1-1,...,200.74,...,...,
Thailand,2017-01-01,"56,877.04",,,,
Thailand,2018-01-01,"44,922.18",,,,
Thailand,2019-1-1,"51,047.44",113.27,4.08,"216,816.66",33.99
Thailand,2020-1-1,"25,932.63",112.31,3.29,"248,743.48",45.12
Thailand,2021-1-1,-79.11,113.69,3.06,"231,737.46",52.76
"Timor-Leste, Dem. Rep. of",2017-01-01,"-1,012.88",,,,
"Timor-Leste, Dem. Rep. of",2018-01-01,-937.85,,,,
"Timor-Leste, Dem. Rep. of",2019-1-1,-922,146.22,15.36,656.22,
"Timor-Leste, Dem. Rep. of",2020-1-1,-785.31,...,14.13,656.52,
"Timor-Leste, Dem. Rep. of",2021-1-1,792.89,...,11.16,934.78,
Togo,2017-01-01,-501.99,,,,
Togo,2018-01-01,-626.01,,,,
Togo,2019-1-1,-595.61,113.31,...,,52.35
Togo,2020-1-1,-667.63,115.38,...,,60.28
Togo,2021-1-1,...,...,...,,63.75
Tonga,2017-01-01,-201.02,,,,
Tonga,2018-01-01,-217.42,,,,
Tonga,2019-1-1,-214.91,128.78,8.07,218.45,41.32
Tonga,2020-1-1,-209.91,128.33,7.83,298.95,43.62
Tonga,2021-1-1,-233.8,135.57,7.76,361.81,47.55
Trinidad and Tobago,2017-01-01,"1,080.83",,,,
Trinidad and Tobago,2018-01-01,"2,426.31",,,,
Trinidad and Tobago,2019-1-1,"1,605.39",143.17,9.25,"6,834.00",45.41
Trinidad and Tobago,2020-1-1,-344.82,144.03,6.56,"6,835.74",61.01
Trinidad and Tobago,2021-1-1,"2,875.44",147,7.44,"6,765.93",58.93
Tunisia,2017-01-01,"-5,144.90",,,,
Tunisia,2018-01-01,"-5,406.09",,,,
Tunisia,2019-1-1,"-4,371.68",155.33,,"7,587.97",69.02
Tunisia,2020-1-1,"-3,585.78",164.08,,"9,394.59",82.85
Tunisia,2021-1-1,"-4,525.66",173.44,,"8,445.14",81.79
Turks and Caicos Islands,2017-01-01,117.74,,,,
Turks and Caicos Islands,2018-01-01,282.61,,,,
Turks and Caicos Islands,2019-1-1,...,,,,
Turks and Caicos Islands,2020-1-1,...,,,,
Turks and Caicos Islands,2021-1-1,...,,,,
Tuvalu,2017-01-01,-41.71,,,,
Tuvalu,2018-01-01,-38.17,,,,
Tuvalu,2019-1-1,-54.97,,,,11.52
Tuvalu,2020-1-1,-47.71,,,,7.29
Tuvalu,2021-1-1,-48.49,,,,6.02
"TÃ¼rkiye, Rep of",2017-01-01,"-31,752.00",,,,
"TÃ¼rkiye, Rep of",2018-01-01,"-9,838.00",,,,
"TÃ¼rkiye, Rep of",2019-1-1,"21,779.00",234.44,,"78,532.27",
"TÃ¼rkiye, Rep of",2020-1-1,"-23,515.00",263.22,,"49,958.26",
"TÃ¼rkiye, Rep of",2021-1-1,"2,499.00",314.81,,"71,046.32",
Uganda,2017-01-01,"-2,135.90",,,,
Uganda,2018-01-01,"-2,795.24",,,,
Uganda,2019-1-1,"-3,623.48",176.05,...,...,37.64
Uganda,2020-1-1,"-4,634.89",181.88,...,...,46.32
Uganda,2021-1-1,"-4,527.33",185.89,...,...,51.76
Ukraine,2017-01-01,"-8,744.00",,,,
Ukraine,2018-01-01,"-11,378.00",,,,
Ukraine,2019-1-1,"-12,511.00",281.66,19.82,"24,083.37",50.24
Ukraine,2020-1-1,"-2,378.00",289.35,14.29,"27,549.02",60.44
Ukraine,2021-1-1,"-2,671.00",316.45,13.29,"29,383.19",48.94
United Kingdom,2017-01-01,"-38,943.46",,,,
United Kingdom,2018-01-01,"-43,882.69",,,,
United Kingdom,2019-1-1,"-46,207.20",119.62,,"158,375.69",83.89
United Kingdom,2020-1-1,"8,295.27",120.81,,"161,188.41",102.63
United Kingdom,2021-1-1,"-38,563.65",123.85,,"176,024.00",102.97
United States,2017-01-01,"-510,339.00",,,,
United States,2018-01-01,"-578,600.00",,,,
United States,2019-1-1,"-559,675.00",117.24,5.28,"118,437.72",93.11
United States,2020-1-1,"-653,990.00",118.69,3.54,"133,849.10",119.37
United States,2021-1-1,"-845,050.00",124.27,3.25,"240,197.34",115.28
Uruguay,2017-01-01,"3,477.94",,,,
Uruguay,2018-01-01,"3,252.00",,,,
Uruguay,2019-1-1,"3,686.72",202.92,11.56,"14,499.00",49.3
Uruguay,2020-1-1,"2,371.30",222.72,11.23,"16,244.16",58.15
Uruguay,2021-1-1,"4,433.18",239.98,7.45,"16,956.81",57.38
"Uzbekistan, Rep. of",2017-01-01,"-4,057.93",,,,
"Uzbekistan, Rep. of",2018-01-01,"-9,308.41",,,,
"Uzbekistan, Rep. of",2019-1-1,"-9,557.38",283.76,23.61,"12,842.93",
"Uzbekistan, Rep. of",2020-1-1,"-8,027.91",320.27,22.34,"14,687.25",
"Uzbekistan, Rep. of",2021-1-1,"-11,374.40",355.02,21.40,"14,189.48",
Vanuatu,2017-01-01,-167.12,,,,
Vanuatu,2018-01-01,-138.76,,,,
Vanuatu,2019-1-1,-116.08,117.13,10.05,511.55,45.1
Vanuatu,2020-1-1,-288.07,123.37,9.76,613.64,47.53
Vanuatu,2021-1-1,-407.05,126.26,9.60,664.75,48.19
Vietnam,2017-01-01,"6,816.00",,,,
Vietnam,2018-01-01,"12,860.13",,,,
Vietnam,2019-1-1,"19,143.25",163.52,7.71,"78,334.84",38.05
Vietnam,2020-1-1,"20,421.00",168.78,7.65,"94,833.62",39.4
Vietnam,2021-1-1,"1,963.00",171.88,7.81,"109,371.35",39.09
West Bank and Gaza,2017-01-01,"-5,967.41",,,,
West Bank and Gaza,2018-01-01,"-6,425.75",,,,
West Bank and Gaza,2019-1-1,"-6,501.97",112.52,5.93,658.35,34.47
West Bank and Gaza,2020-1-1,"-5,680.06",111.69,5.52,697.07,47.08
West Bank and Gaza,2021-1-1,"-7,064.73",113.07,5.56,872.54,50.38
Zambia,2017-01-01,350.87,,,,
Zambia,2018-01-01,-210.42,,,,
Zambia,2019-1-1,222.17,212.31,10.29,"1,448.62",99.73
Zambia,2020-1-1,"1,509.75",245.71,9.48,"1,203.45",140.21
Zambia,2021-1-1,"4,049.12",299.82,...,"2,753.88",119.14
Zimbabwe,2017-01-01,"-1,581.09",,,,
Zimbabwe,2018-01-01,"-2,464.04",,,,
Zimbabwe,2019-1-1,-131.43,414.68,16.18,150.63,93.21
Zimbabwe,2020-1-1,-226.01,"2,725.31",33.01,31.94,102.49
Zimbabwe,2021-1-1,...,"5,411.00",45.48,836.73,66.91
"Afghanistan, Islamic Rep. of",2017-1-1,,145.61,14.84,"7,185.84",
"Afghanistan, Islamic Rep. of",2018-1-1,,146.52,...,"7,305.68",
Albania,2017-1-1,,115.06,6.22,"3,523.76",70.12
Albania,2018-1-1,,117.39,5.93,"3,829.48",67.61
Algeria,2017-1-1,,142.38,8.0,"97,614.43",26.81
Algeria,2018-1-1,,148.46,8.00,"80,227.70",38.26
"Andorra, Principality of",2017-1-1,,,,,
"Andorra, Principality of",2018-1-1,,,,,
Angola,2017-1-1,,271.02,15.81,"17,455.33",69.32
Angola,2018-1-1,,324.22,20.68,"15,410.41",93
Anguilla,2017-1-1,,105.86,9.48,76.38,
Anguilla,2018-1-1,,106.26,9.29,65.51,
Antigua and Barbuda,2017-1-1,,112.45,9.31,313.65,92.19
Antigua and Barbuda,2018-1-1,,113.81,8.98,328.66,87.7
Argentina,2017-1-1,,,26.58,"53,030.81",57.03
Argentina,2018-1-1,,,48.52,"63,963.92",85.25
"Armenia, Rep. of",2017-1-1,,124.21,14.41,"2,314.11",
"Armenia, Rep. of",2018-1-1,,127.34,12.79,"2,259.32",
"Aruba, Kingdom of the Netherlands",2017-1-1,,101.39,6.3,777.46,
"Aruba, Kingdom of the Netherlands",2018-1-1,,105.06,6.00,852.08,
Australia,2017-1-1,,115.69,5.25,"62,617.32",32.37
Australia,2018-1-1,,117.9,5.26,"51,077.09",32.92
"Azerbaijan, Rep. of",2017-1-1,,149.51,16.54,"6,680.45",
"Azerbaijan, Rep. of",2018-1-1,,152.9,17.45,"6,665.91",
"Bahamas, The",2017-1-1,,110.88,4.25,"1,413.97",53.81
"Bahamas, The",2018-1-1,,113.39,4.25,"1,345.34",60.94
"Bahrain, Kingdom of",2017-1-1,,115.18,,"2,628.65",
"Bahrain, Kingdom of",2018-1-1,,117.59,,"2,142.03",
Bangladesh,2017-1-1,,161.23,9.54,"32,849.19",28.57
Bangladesh,2018-1-1,,170.16,9.65,"31,452.74",29.6
Barbados,2017-1-1,,124.25,8.05,265.84,159.13
Barbados,2018-1-1,,128.81,8.05,533.91,127.28
"Belarus, Rep. of",2017-1-1,,459.03,9.66,"5,375.41",
"Belarus, Rep. of",2018-1-1,,481.39,8.70,"5,222.91",
Belize,2017-1-1,,105.68,9.46,312.14,78.21
Belize,2018-1-1,,105.96,9.12,294.47,79.52
Benin,2017-1-1,,110.79,6.93,,39.6
Benin,2018-1-1,,111.51,6.76,,41.08
Bermuda,2017-1-1,,,,,
Bermuda,2018-1-1,,,,,
Bhutan,2017-1-1,,158.43,14.25,"1,206.24",111.72
Bhutan,2018-1-1,,162.75,14.00,987.25,113.37
Bolivia,2017-1-1,,142.4,8.11,"8,473.88",32.87
Bolivia,2018-1-1,,145.64,8.04,"7,177.83",35.32
Bosnia and Herzegovina,2017-1-1,,102.85,4.38,"6,349.27",37.95
Bosnia and Herzegovina,2018-1-1,,104.31,3.79,"6,685.40",34.27
Botswana,2017-1-1,,141.14,6.88,"7,490.51",14.69
Botswana,2018-1-1,,145.71,6.50,"6,656.91",14.98
Brazil,2017-1-1,,155.67,46.92,"371,150.62",78.61
Brazil,2018-1-1,,161.37,39.08,"371,933.90",80.36
Brunei Darussalam,2017-1-1,,98.41,5.5,"3,299.65",2.83
Brunei Darussalam,2018-1-1,,99.42,5.50,"3,220.62",2.59
Bulgaria,2017-1-1,,107.94,5.44,"26,692.71",29.59
Bulgaria,2018-1-1,,110.97,4.96,"27,044.89",26.6
Burkina Faso,2017-1-1,,109.83,6.51,,33.34
Burkina Faso,2018-1-1,,111.98,6.76,,37.81
Burundi,2017-1-1,,188.68,14.8,96.15,46.9
Burundi,2018-1-1,,183.37,14.79,66.89,52.97
Cabo Verde,2017-1-1,,107.94,9.49,617.36,127.22
Cabo Verde,2018-1-1,,109.29,8.97,606.43,114.59
Cambodia,2017-1-1,,124.57,,"11,262.00",
Cambodia,2018-1-1,,127.63,,"13,373.24",
Cameroon,2017-1-1,,114.58,,"3,196.79",29.71
Cameroon,2018-1-1,,115.81,,"3,459.33",33.2
Canada,2017-1-1,,111.98,2.7,"86,677.71",39.26
Canada,2018-1-1,,114.52,...,"83,925.60",36.16
Cayman Islands,2017-1-1,,,,...,
Cayman Islands,2018-1-1,,,,162.07,
Central African Economic and Monetary Community,2017-1-1,,,,,
Central African Economic and Monetary Community,2018-1-1,,,,,
Central African Economic and Monetary Community,2019-1-1,,,,,
Central African Economic and Monetary Community,2020-1-1,,,,,
Central African Economic and Monetary Community,2021-1-1,,,,,
Central African Rep.,2017-1-1,,145.47,,362.72,
Central African Rep.,2018-1-1,,147.82,,361.80,
Central African Rep.,2019-1-1,,151.79,,350.31,
Central African Rep.,2020-1-1,,154.38,,432.52,
Central African Rep.,2021-1-1,,160.96,,483.87,
Chad,2017-1-1,,113.98,,8.58,48.69
Chad,2018-1-1,,118.85,,147.75,48.41
Chad,2019-1-1,,117.7,,310.03,52.33
Chad,2020-1-1,,122.95,,390.68,54.22
Chad,2021-1-1,,122,,211.59,55.96
Chile,2017-1-1,,125.57,4.55,"38,971.30",23.67
Chile,2018-1-1,,128.62,4.18,"39,848.70",25.82
"China, P.R.: Hong Kong",2017-1-1,,127.8,5.0,"431,355.10",
"China, P.R.: Hong Kong",2018-1-1,,130.87,5.04,"424,534.05",
"China, P.R.: Macao",2017-1-1,,136.1,5.25,"20,169.66",
"China, P.R.: Macao",2018-1-1,,140.19,5.29,"20,281.24",
"China, P.R.: Mainland",2017-1-1,,119.09,4.35,"3,158,876.95",
"China, P.R.: Mainland",2018-1-1,,121.56,4.35,"3,091,881.26",
Colombia,2017-1-1,,131.88,13.69,"46,699.12",38.29
Colombia,2018-1-1,,136.15,12.11,"47,358.57",41.36
"Comoros, Union of the",2017-1-1,,,10.5,207.13,
"Comoros, Union of the",2018-1-1,,,10.50,198.47,
"Congo, Dem. Rep. of the",2017-1-1,,,20.62,695.40,
"Congo, Dem. Rep. of the",2018-1-1,,,24.75,665.27,
"Congo, Rep. of",2017-1-1,,120.66,,379.98,
"Congo, Rep. of",2018-1-1,,122.05,,423.62,
Costa Rica,2017-1-1,,123.46,11.37,"7,149.83",46.78
Costa Rica,2018-1-1,,126.2,11.12,"7,500.92",51.58
"Croatia, Rep. of",2017-1-1,,107.36,,"18,818.22",
"Croatia, Rep. of",2018-1-1,,108.97,,"19,991.30",
Curaçao and Sint Maarten,2017-1-1,,,,,
Curaçao and Sint Maarten,2018-1-1,,,,,
Curaçao and Sint Maarten,2019-1-1,,,,,
Curaçao and Sint Maarten,2020-1-1,,,,,
Curaçao and Sint Maarten,2021-1-1,,,,,
"Curaçao, Kingdom of the Netherlands",2017-1-1,,,,,
"Curaçao, Kingdom of the Netherlands",2018-1-1,,,,,
"Curaçao, Kingdom of the Netherlands",2019-1-1,,,,,
"Curaçao, Kingdom of the Netherlands",2020-1-1,,,,,
"Curaçao, Kingdom of the Netherlands",2021-1-1,,,,,
Czech Rep.,2017-1-1,,110.87,3.59,"147,582.94",
Czech Rep.,2018-1-1,,113.25,3.54,"142,150.96",
Côte d'Ivoire,2017-1-1,,,,,33.18
Côte d'Ivoire,2018-1-1,,,,,35.63
Côte d'Ivoire,2019-1-1,,,,,38.39
Côte d'Ivoire,2020-1-1,,,,,47.58
Côte d'Ivoire,2021-1-1,,,,,52.14
Denmark,2017-1-1,,108.63,,"72,470.45",29.29
Denmark,2018-1-1,,109.52,,"68,199.86",27.45
Djibouti,2017-1-1,,116.22,,556.10,47.99
Djibouti,2018-1-1,,116.39,,454.19,48.09
Dominica,2017-1-1,,102.85,8.08,212.29,86.69
Dominica,2018-1-1,,103.87,7.81,191.32,90.01
Dominican Rep.,2017-1-1,,125.35,13.91,"6,849.18",
Dominican Rep.,2018-1-1,,129.82,12.53,"7,694.11",
Eastern Caribbean Currency Union (ECCU),2017-1-1,,,8.66,"1,773.25",
Eastern Caribbean Currency Union (ECCU),2018-1-1,,,8.35,"1,749.57",
Ecuador,2017-1-1,,124.09,,"1,678.19",41.31
Ecuador,2018-1-1,,123.81,,"1,896.10",42.96
"Egypt, Arab Rep. of",2017-1-1,,231.09,18.18,"33,213.92",
"Egypt, Arab Rep. of",2018-1-1,,264.38,18.32,"38,609.41",
El Salvador,2017-1-1,,109.95,,"3,510.08",48.75
El Salvador,2018-1-1,,111.14,,"3,512.28",48.23
"Equatorial Guinea, Rep. of",2017-1-1,,121.19,,45.50,
"Equatorial Guinea, Rep. of",2018-1-1,,122.83,,48.93,
"Equatorial Guinea, Rep. of",2019-1-1,,124.35,,40.82,
"Equatorial Guinea, Rep. of",2020-1-1,,130.28,,60.83,
"Equatorial Guinea, Rep. of",2021-1-1,,...,,44.27,
"Eritrea, The State of",2017-1-1,,,,143.41,
"Eritrea, The State of",2018-1-1,,,,163.03,
"Eritrea, The State of",2019-1-1,,,,191.69,
"Eritrea, The State of",2020-1-1,,,,...,
"Eritrea, The State of",2021-1-1,,,,...,
"Eswatini, Kingdom of",2017-1-1,,155.13,10.75,563.12,
"Eswatini, Kingdom of",2018-1-1,,162.6,10.31,440.69,
"Ethiopia, The Federal Dem. Rep. of",2017-1-1,,244.65,,"3,035.20",
"Ethiopia, The Federal Dem. Rep. of",2018-1-1,,278.49,,"3,977.21",
Euro Area,2017-1-1,,,,"353,249.05",
Euro Area,2018-1-1,,,,"378,390.93",
"Fiji, Rep. of",2017-1-1,,124.89,5.74,"1,115.07",
"Fiji, Rep. of",2018-1-1,,129.99,5.68,946.37,
French Polynesia,2017-1-1,,,,,
French Polynesia,2018-1-1,,,,,
French Polynesia,2019-1-1,,,,,
French Polynesia,2020-1-1,,,,,
French Polynesia,2021-1-1,,,,,
Gabon,2017-1-1,,114.25,,965.05,62.89
Gabon,2018-1-1,,119.68,,"1,321.05",60.91
Gabon,2019-1-1,,122.63,,"1,371.97",59.78
Gabon,2020-1-1,,124.29,,...,78.28
Gabon,2021-1-1,,125.64,,...,65.77
"Gambia, The",2017-1-1,,151.38,29.0,169.97,86.98
"Gambia, The",2018-1-1,,161.26,28.00,191.77,83.6
Georgia,2017-1-1,,124.18,11.49,"3,038.76",
Georgia,2018-1-1,,127.43,11.12,"3,289.46",
Ghana,2017-1-1,,241.06,,"6,650.87",56.98
Ghana,2018-1-1,,259.89,,"5,934.71",61.98
Gibraltar,2017-1-1,,,,,
Gibraltar,2018-1-1,,,,,
Gibraltar,2019-1-1,,,,,
Gibraltar,2020-1-1,,,,,
Gibraltar,2021-1-1,,,,,
Grenada,2017-1-1,,106.57,8.31,199.13,70.4
Grenada,2018-1-1,,107.43,7.84,233.82,64.01
Guatemala,2017-1-1,,132.84,13.05,"11,477.80",25.15
Guatemala,2018-1-1,,137.82,12.92,"12,299.11",26.48
Guernsey,2017-1-1,,,,,
Guernsey,2018-1-1,,,,,
Guernsey,2019-1-1,,,,,
Guernsey,2020-1-1,,,,,
Guernsey,2021-1-1,,,,,
Guinea,2017-1-1,,218.65,,971.11,41.88
Guinea,2018-1-1,,240.14,,"1,179.21",39.27
Guinea-Bissau,2017-1-1,,112.01,5.14,,50.66
Guinea-Bissau,2018-1-1,,112.44,...,,57.93
Guyana,2017-1-1,,112.37,13.0,565.36,42.89
Guyana,2018-1-1,,113.82,13.00,518.51,47.03
Haiti,2017-1-1,,159.4,12.75,"2,240.97",18.96
Haiti,2018-1-1,,179.29,13.10,"2,199.36",21.55
Honduras,2017-1-1,,138.05,19.26,"4,679.39",47.44
Honduras,2018-1-1,,144.06,17.80,"4,740.70",48.55
Hungary,2017-1-1,,114.45,1.48,"27,874.46",71.35
Hungary,2018-1-1,,117.71,1.47,"30,068.27",69.2
Iceland,2017-1-1,,121.96,7.26,"6,483.46",69.34
Iceland,2018-1-1,,125.23,6.96,"6,239.44",61.34
India,2017-1-1,,159.18,9.51,"389,350.15",44.27
India,2018-1-1,,165.45,9.45,"374,425.19",44.13
Indonesia,2017-1-1,,142.18,11.07,"126,857.40",29.4
Indonesia,2018-1-1,,146.73,10.54,"117,424.65",29.78
"Iran, Islamic Rep. of",2017-1-1,,333.67,,,
"Iran, Islamic Rep. of",2018-1-1,,393.78,,,
"Iran, Islamic Rep. of",2019-1-1,,550.93,,,
"Iran, Islamic Rep. of",2020-1-1,,719.48,,,
"Iran, Islamic Rep. of",2021-1-1,,"1,031.66",,,
Iraq,2017-1-1,,119.42,,"45,571.33",59.06
Iraq,2018-1-1,,119.86,,"60,752.41",48.55
Isle of Man,2017-1-1,,,,,
Isle of Man,2018-1-1,,,,,
Isle of Man,2019-1-1,,,,,
Isle of Man,2020-1-1,,,,,
Isle of Man,2021-1-1,,,,,
Israel,2017-1-1,,106.4,3.5,"113,009.53",57.94
Israel,2018-1-1,,107.27,3.48,"115,265.90",58.3
Jamaica,2017-1-1,,150.75,14.91,"3,781.17",103.01
Jamaica,2018-1-1,,156.38,14.09,"3,532.04",95.6
Japan,2017-1-1,,103.96,0.99,"1,232,243.92",193.93
Japan,2018-1-1,,104.99,...,"1,238,935.32",195.73
Jersey,2017-1-1,,,,,
Jersey,2018-1-1,,,,,
Jersey,2019-1-1,,,,,
Jersey,2020-1-1,,,,,
Jersey,2021-1-1,,,,,
Jordan,2017-1-1,,119.33,8.39,,76.02
Jordan,2018-1-1,,124.65,8.66,,75.06
"Kazakhstan, Rep. of",2017-1-1,,168.95,,"18,248.79",
"Kazakhstan, Rep. of",2018-1-1,,179.12,,"16,536.06",
Kenya,2017-1-1,,172.43,13.67,"7,324.64",53.87
Kenya,2018-1-1,,180.51,13.06,"8,163.61",56.45
Kiribati,2017-1-1,,101.82,,,21.32
Kiribati,2018-1-1,,102.39,,,19.76
"Korea, Rep. of",2017-1-1,,113.05,3.48,"384,453.15",
"Korea, Rep. of",2018-1-1,,114.72,3.66,"398,780.33",
"Kosovo, Rep. of",2017-1-1,,113.79,6.83,819.58,
"Kosovo, Rep. of",2018-1-1,,114.99,6.65,881.17,
Kuwait,2017-1-1,,124.56,4.69,"33,598.59",20.48
Kuwait,2018-1-1,,125.23,4.83,"37,028.89",15.1
Kyrgyz Rep.,2017-1-1,,151.59,19.82,"1,887.40",
Kyrgyz Rep.,2018-1-1,,153.93,19.51,"1,695.72",
Lao People's Dem. Rep.,2017-1-1,,128.87,,"1,088.76",
Lao People's Dem. Rep.,2018-1-1,,131.5,,944.14,
Lebanon,2017-1-1,,119,8.29,"43,455.21",149.99
Lebanon,2018-1-1,,126.23,9.10,"40,561.23",155.08
"Lesotho, Kingdom of",2017-1-1,,141.45,11.58,657.67,
"Lesotho, Kingdom of",2018-1-1,,148.17,11.35,728.53,
Liberia,2017-1-1,,180.58,13.25,586.00,31.8
Liberia,2018-1-1,,223.13,...,332.15,37.1
Libya,2017-1-1,,,,"74,556.00",142.71
Libya,2018-1-1,,,,"80,529.46",no data
"Madagascar, Rep. of",2017-1-1,,160.71,60.0,"1,600.18",
"Madagascar, Rep. of",2018-1-1,,174.52,55.39,"1,739.59",
Malawi,2017-1-1,,340.24,38.59,768.40,40.26
Malawi,2018-1-1,,382.5,32.29,766.15,43.91
Malaysia,2017-1-1,,119.61,4.61,"100,877.83",50.05
Malaysia,2018-1-1,,120.66,4.93,"99,850.47",51.19
Maldives,2017-1-1,,136.45,10.15,587.35,64.56
Maldives,2018-1-1,,136.26,10.68,712.16,72.01
Mali,2017-1-1,,110.23,5.14,,35.98
Mali,2018-1-1,,110.56,...,,37.52
"Mauritania, Islamic Rep. of",2017-1-1,,128.06,17.0,858.91,
"Mauritania, Islamic Rep. of",2018-1-1,,131.98,...,919.55,
Mauritius,2017-1-1,,125.36,8.5,"5,465.93",
Mauritius,2018-1-1,,129.39,8.50,"5,840.63",
Mexico,2017-1-1,,130.2,7.33,"170,458.36",35.21
Mexico,2018-1-1,,136.58,8.04,"171,444.90",35.35
"Micronesia, Federated States of",2017-1-1,,112.16,16.1,203.72,
"Micronesia, Federated States of",2018-1-1,,113.84,15.70,203.53,
"Micronesia, Federated States of",2019-1-1,,116.03,14.70,397.16,
"Micronesia, Federated States of",2020-1-1,,116.68,14.47,451.91,
"Micronesia, Federated States of",2021-1-1,,120.4,12.62,497.43,
"Moldova, Rep. of",2017-1-1,,153.84,10.36,"2,800.18",
"Moldova, Rep. of",2018-1-1,,158.53,8.85,"2,992.18",
Mongolia,2017-1-1,,170.78,20.01,"2,839.24",72.54
Mongolia,2018-1-1,,182.44,17.71,"2,779.93",62.7
Montenegro,2017-1-1,,113.36,7.2,"1,015.96",61.13
Montenegro,2018-1-1,,116.32,6.53,"1,202.49",67.62
Montserrat,2017-1-1,,108.9,6.95,47.58,
Montserrat,2018-1-1,,110.33,6.78,50.09,
Morocco,2017-1-1,,108.77,,"25,268.15",60.26
Morocco,2018-1-1,,110.73,,"23,549.73",60.46
"Mozambique, Rep. of",2017-1-1,,170.7,27.86,"3,179.31",
"Mozambique, Rep. of",2018-1-1,,177.38,22.98,"2,925.70",
Myanmar,2017-1-1,,144.61,16.0,"4,910.97",38.47
Myanmar,2018-1-1,,154.54,16.00,"5,346.89",40.42
Namibia,2017-1-1,,146.03,10.03,"2,432.22",43.83
Namibia,2018-1-1,,152.3,10.14,"2,149.81",50.4
"Nauru, Rep. of",2017-1-1,,,,,
"Nauru, Rep. of",2018-1-1,,,,,
Nepal,2017-1-1,,171.8,,"9,167.12",24.99
Nepal,2018-1-1,,178.77,,"8,070.41",30.08
New Caledonia,2017-1-1,,,,,
New Caledonia,2018-1-1,,,,,
New Caledonia,2019-1-1,,,,,
New Caledonia,2020-1-1,,,,,
New Caledonia,2021-1-1,,,,,
New Zealand,2017-1-1,,110.65,4.76,"20,683.74",31.12
New Zealand,2018-1-1,,112.42,-,"17,656.59",28.09
Nicaragua,2017-1-1,,147.16,10.78,"2,757.79",34.08
Nicaragua,2018-1-1,,154.44,10.90,"2,261.14",37.69
Niger,2017-1-1,,108.88,5.14,,36.49
Niger,2018-1-1,,112.12,...,,39.42
Nigeria,2017-1-1,,214.23,17.55,"39,608.53",15.99
Nigeria,2018-1-1,,240.14,16.90,"42,838.87",24.97
"North Macedonia, Republic of",2017-1-1,,110.92,6.61,"2,514.73",
"North Macedonia, Republic of",2018-1-1,,112.53,6.11,"3,000.06",
Norway,2017-1-1,,114.55,3.01,"65,923.86",15.84
Norway,2018-1-1,,117.72,2.93,"63,145.47",14.74
Oman,2017-1-1,,112.39,5.15,"16,087.97",40.11
Oman,2018-1-1,,113.38,5.25,"17,387.55",44.69
Pakistan,2017-1-1,,156.91,8.21,"15,764.80",60.86
Pakistan,2018-1-1,,164.88,8.53,"9,174.68",64.82
"Palau, Rep. of",2017-1-1,,118.33,,,
"Palau, Rep. of",2018-1-1,,120.83,,,
Panama,2017-1-1,,121.58,6.77,"2,703.34",
Panama,2018-1-1,,122.5,6.88,"2,121.30",
Papua New Guinea,2017-1-1,,143.73,8.39,"1,680.27",32.48
Papua New Guinea,2018-1-1,,150.02,9.08,"2,158.65",36.68
Paraguay,2017-1-1,,134.61,16.98,"7,536.01",15.9
Paraguay,2018-1-1,,139.96,15.72,"7,360.27",17.86
Peru,2017-1-1,,125.53,16.79,"62,373.90",21.22
Peru,2018-1-1,,127.42,14.54,"58,904.35",21.9
Philippines,2017-1-1,,120.21,5.63,"73,228.47",
Philippines,2018-1-1,,126.59,6.12,"71,039.87",
"Poland, Rep. of",2017-1-1,,109.64,,"108,975.25",
"Poland, Rep. of",2018-1-1,,111.63,,"111,656.12",
Qatar,2017-1-1,,115.86,4.7,"13,769.78",51.57
Qatar,2018-1-1,,116.16,4.98,"29,070.40",52.18
Romania,2017-1-1,,113.95,5.56,"40,106.77",35.72
Romania,2018-1-1,,119.22,6.81,"37,856.04",35.62
Russian Federation,2017-1-1,,168.18,10.56,"356,084.02",13.49
Russian Federation,2018-1-1,,173.02,8.87,"381,575.04",12.92
Rwanda,2017-1-1,,146.63,17.17,"1,178.77",41.32
Rwanda,2018-1-1,,146.17,16.95,"1,355.06",44.93
Samoa,2017-1-1,,111.72,8.76,123.66,46.68
Samoa,2018-1-1,,116.41,8.95,162.56,49.4
"San Marino, Rep. of",2017-1-1,,110.63,4.07,359.15,
"San Marino, Rep. of",2018-1-1,,...,4.16,338.92,
Saudi Arabia,2017-1-1,,118.03,,"495,990.43",17.16
Saudi Arabia,2018-1-1,,120.93,,"496,156.10",18.28
Senegal,2017-1-1,,106.87,5.14,,61.14
Senegal,2018-1-1,,107.36,...,,61.52
"Serbia, Rep. of",2017-1-1,,138.67,,"11,099.32",
"Serbia, Rep. of",2018-1-1,,141.38,,"12,032.95",
Seychelles,2017-1-1,,123.09,12.24,545.20,60.34
Seychelles,2018-1-1,,127.65,12.31,549.52,55.91
Sierra Leone,2017-1-1,,175.79,15.66,549.12,69.15
Sierra Leone,2018-1-1,,203.96,15.96,501.21,69.09
Singapore,2017-1-1,,113.27,5.28,"279,689.81",109.11
Singapore,2018-1-1,,113.76,5.33,"287,465.99",110.45
"Sint Maarten, Kingdom of the Netherlands",2017-1-1,,116.64,,,
"Sint Maarten, Kingdom of the Netherlands",2018-1-1,,...,,,
Solomon Islands,2017-1-1,,126.54,10.69,543.06,8.47
Solomon Islands,2018-1-1,,130.92,10.75,586.30,8.09
Somalia,2017-1-1,,,,,
Somalia,2018-1-1,,,,,
Somalia,2019-1-1,,,,,
Somalia,2020-1-1,,,,,
Somalia,2021-1-1,,,,,
South Africa,2017-1-1,,146.05,10.38,"45,499.29",48.59
South Africa,2018-1-1,,152.65,10.08,"46,478.27",51.68
"South Sudan, Rep. of",2017-1-1,,"4,583.71",10.13,33.82,
"South Sudan, Rep. of",2018-1-1,,"8,411.17",16.18,36.40,
Sri Lanka,2017-1-1,,147.09,11.57,"7,030.56",72.26
Sri Lanka,2018-1-1,,150.23,11.55,"6,100.10",83.58
St. Kitts and Nevis,2017-1-1,,105.66,9.09,365.10,
St. Kitts and Nevis,2018-1-1,,104.57,8.86,363.22,
St. Lucia,2017-1-1,,108.03,8.34,321.77,
St. Lucia,2018-1-1,,110.13,8.11,285.82,
St. Vincent and the Grenadines,2017-1-1,,107.17,8.75,182.05,
St. Vincent and the Grenadines,2018-1-1,,109.67,8.49,169.56,
Sudan,2017-1-1,,545.17,,177.93,149.54
Sudan,2018-1-1,,890.23,,...,186.74
Suriname,2017-1-1,,263.97,14.43,385.46,71.45
Suriname,2018-1-1,,...,14.30,524.02,66.14
Sweden,2017-1-1,,106.49,,"56,951.03",41.35
Sweden,2018-1-1,,108.57,,"55,385.72",40.04
Switzerland,2017-1-1,,98.27,2.63,"767,679.61",14.18
Switzerland,2018-1-1,,99.19,2.63,"744,166.80",12.82
Syrian Arab Rep.,2017-1-1,,,,,
Syrian Arab Rep.,2018-1-1,,,,,
Syrian Arab Rep.,2019-1-1,,,,,
Syrian Arab Rep.,2020-1-1,,,,,
Syrian Arab Rep.,2021-1-1,,,,,
"São Tomé and Príncipe, Dem. Rep. of",2017-1-1,,,,,
"São Tomé and Príncipe, Dem. Rep. of",2018-1-1,,,,,
"São Tomé and Príncipe, Dem. Rep. of",2019-1-1,,,,,
"São Tomé and Príncipe, Dem. Rep. of",2020-1-1,,,,,
"São Tomé and Príncipe, Dem. Rep. of",2021-1-1,,,,,
Taiwan Province of China,2017-1-1,,,,"451,500.00",29.77
Taiwan Province of China,2018-1-1,,,,"461,784.00",29.24
Taiwan Province of China,2019-1-1,,,,"478,126.00",28.18
Taiwan Province of China,2020-1-1,,,,"529,911.00",27.97
Taiwan Province of China,2021-1-1,,,,"548,408.00",26.3
"Tajikistan, Rep. of",2017-1-1,,,29.65,641.77,
"Tajikistan, Rep. of",2018-1-1,,,27.19,366.79,
"Tanzania, United Rep. of",2017-1-1,,175.04,17.77,"5,887.87",
"Tanzania, United Rep. of",2018-1-1,,181.15,17.41,"5,049.65",
Thailand,2017-1-1,,111.29,4.42,"196,120.62",32.46
Thailand,2018-1-1,,112.47,4.15,"199,296.46",33.9
"Timor-Leste, Dem. Rep. of",2017-1-1,,141.58,13.29,544.43,
"Timor-Leste, Dem. Rep. of",2018-1-1,,144.83,13.46,673.90,
Togo,2017-1-1,,111.5,5.14,,56.61
Togo,2018-1-1,,112.54,...,,57
Tonga,2017-1-1,,121.18,7.87,198.52,45.58
Tonga,2018-1-1,,127.28,8.04,215.15,45.9
Trinidad and Tobago,2017-1-1,,140.32,9.0,"8,289.17",40.95
Trinidad and Tobago,2018-1-1,,141.75,9.09,"7,495.23",41.56
Tunisia,2017-1-1,,135.63,,"5,861.35",69.13
Tunisia,2018-1-1,,145.54,,"5,381.97",74.78
"Türkiye, Rep of",2017-1-1,,,,,
"Türkiye, Rep of",2018-1-1,,,,,
"Türkiye, Rep of",2019-1-1,,,,,
"Türkiye, Rep of",2020-1-1,,,,,
"Türkiye, Rep of",2021-1-1,,,,,
Uganda,2017-1-1,,166.78,21.28,"3,720.86",33.63
Uganda,2018-1-1,,171.14,19.85,"3,358.51",34.95
Ukraine,2017-1-1,,235.3,16.38,"17,747.80",71.8
Ukraine,2018-1-1,,261.07,19.00,"19,818.21",60.9
United Arab Emirates,2017-1-1,,113.3,,"95,059.91",
United Arab Emirates,2018-1-1,,116.78,,"99,194.48",
United Arab Emirates,2019-1-1,,114.52,,"107,258.08",
United Arab Emirates,2020-1-1,,112.14,,"103,199.23",
United Arab Emirates,2021-1-1,,112.13,,"127,872.97",
United Kingdom,2017-1-1,,114.94,,"137,923.73",85.05
United Kingdom,2018-1-1,,117.58,,"159,871.95",84.41
United States,2017-1-1,,112.41,4.1,"112,251.91",88.98
United States,2018-1-1,,115.16,4.90,"114,756.99",90.99
Uruguay,2017-1-1,,174.8,13.83,"15,955.05",43.99
Uruguay,2018-1-1,,188.1,12.20,"15,552.28",46.69
"Uzbekistan, Rep. of",2017-1-1,,210.82,15.38,"14,042.81",
"Uzbekistan, Rep. of",2018-1-1,,247.77,19.97,"12,440.66",
Vanuatu,2017-1-1,,111.38,9.97,395.10,52.63
Vanuatu,2018-1-1,,113.98,10.18,420.59,45.26
"Venezuela, Rep. Bolivariana de",2017-1-1,,,21.06,"3,034.37",
"Venezuela, Rep. Bolivariana de",2018-1-1,,,...,...,
"Venezuela, Rep. Bolivariana de",2019-1-1,,,...,...,
"Venezuela, Rep. Bolivariana de",2020-1-1,,,...,...,
"Venezuela, Rep. Bolivariana de",2021-1-1,,,...,...,
Vietnam,2017-1-1,,153.63,7.07,"49,075.57",41.11
Vietnam,2018-1-1,,159.07,7.37,"55,452.62",39.66
West African Economic and Monetary Union (WAEMU),2017-1-1,,,5.14,"11,651.98",
West African Economic and Monetary Union (WAEMU),2018-1-1,,,...,"13,400.41",
West African Economic and Monetary Union (WAEMU),2019-1-1,,,...,"15,836.46",
West African Economic and Monetary Union (WAEMU),2020-1-1,,,...,"19,343.43",
West African Economic and Monetary Union (WAEMU),2021-1-1,,,...,"21,609.65",
"Yemen, Rep. of",2017-1-1,,,,704.39,
"Yemen, Rep. of",2018-1-1,,,,"2,333.66",
"Yemen, Rep. of",2019-1-1,,,,"1,413.93",
"Yemen, Rep. of",2020-1-1,,,,946.05,
"Yemen, Rep. of",2021-1-1,,,,...,
Zambia,2017-1-1,,180.95,12.38,"2,082.08",66.32
Zambia,2018-1-1,,194.51,9.79,"1,569.23",80.52
Zimbabwe,2017-1-1,,105.51,6.91,292.10,74.08
Zimbabwe,2018-1-1,,116.71,7.13,86.43,51
Austria,2017-1-1,,114,,"9,894.24",57.19
Austria,2018-1-1,,116.28,,"11,653.25",54.91
Belgium,2017-1-1,,113.13,,"16,672.73",86.98
Belgium,2018-1-1,,115.45,,"17,486.66",84.96
"CuraÃ§ao, Kingdom of the Netherlands",2017-1-1,,109.75,,,
"CuraÃ§ao, Kingdom of the Netherlands",2018-1-1,,112.58,,,
Cyprus,2017-1-1,,100.81,,308.16,131.57
Cyprus,2018-1-1,,102.25,,351.30,136.91
CÃ´te d'Ivoire,2017-1-1,,112.45,5.14,,
CÃ´te d'Ivoire,2018-1-1,,112.86,...,,
"Estonia, Rep. of",2017-1-1,,115.46,,334.66,
"Estonia, Rep. of",2018-1-1,,119.42,,744.75,
Finland,2017-1-1,,110,,"8,458.38",52.18
Finland,2018-1-1,,111.19,,"8,284.16",50.02
France,2017-1-1,,106.86,,"54,780.55",79.55
France,2018-1-1,,108.84,,"66,103.29",80.44
Germany,2017-1-1,,109.35,,"59,356.90",41.32
Germany,2018-1-1,,111.25,,"59,173.10",39.31
Greece,2017-1-1,,101.06,,"3,096.13",185.81
Greece,2018-1-1,,101.69,,"2,918.42",199.91
Ireland,2017-1-1,,105.08,,"4,162.29",70.77
Ireland,2018-1-1,,105.59,,"4,975.32",70.99
Italy,2017-1-1,,108.71,3.0,"48,918.64",129.56
Italy,2018-1-1,,109.95,2.68,"51,330.75",130.08
Latvia,2017-1-1,,110.85,,"4,337.30",35.94
Latvia,2018-1-1,,113.66,,"4,097.74",34.98
Lithuania,2017-1-1,,112.64,,"4,207.23",37.87
Lithuania,2018-1-1,,115.68,,"5,531.29",32.62
Luxembourg,2017-1-1,,111.41,,784.73,15.83
Luxembourg,2018-1-1,,113.12,,846.61,15.71
Malta,2017-1-1,,110.34,,829.10,44.99
Malta,2018-1-1,,111.62,,"1,020.77",41.06
Martinique,2017-1-1,,106.65,,,
Martinique,2018-1-1,,...,,,
Martinique,2019-1-1,,...,,,
Martinique,2020-1-1,,...,,,
Martinique,2021-1-1,,...,,,
"Netherlands, The",2017-1-1,,111.04,,"12,892.61",
"Netherlands, The",2018-1-1,,112.93,,"13,194.71",
Portugal,2017-1-1,,109.17,,"10,152.74",128.76
Portugal,2018-1-1,,110.25,,"9,158.61",124.64
Slovak Rep.,2017-1-1,,109.59,,"2,299.75",
Slovak Rep.,2018-1-1,,112.35,,"3,923.30",
"Slovenia, Rep. of",2017-1-1,,107.4,,757.55,
"Slovenia, Rep. of",2018-1-1,,109.27,,802.36,
Spain,2017-1-1,,108.38,,"57,662.98",90.35
Spain,2018-1-1,,110.19,,"59,030.41",89.99
"SÃ£o TomÃ© and PrÃ­ncipe, Dem. Rep. of",2017-1-1,,171.61,19.61,58.95,
"SÃ£o TomÃ© and PrÃ­ncipe, Dem. Rep. of",2018-1-1,,185.09,19.87,43.68,
"TÃ¼rkiye, Rep of",2017-1-1,,174.97,,"84,115.05",
"TÃ¼rkiye, Rep of",2018-1-1,,203.55,,"72,866.83",
West Bank and Gaza,2017-1-1,,110.98,5.79,446.35,31.78
West Bank and Gaza,2018-1-1,,110.77,5.87,537.85,33.14
Advanced Economies,2017-1-1,,,,"4,822,093.35",
Advanced Economies,2018-1-1,,,,"4,852,344.48",
Advanced Economies,2019-1-1,,,,"5,018,887.66",
Advanced Economies,2020-1-1,,,,"5,635,428.32",
Advanced Economies,2021-1-1,,,,"6,148,274.59",
All Countries and International Organizations,2017-1-1,,,,"11,797,903.50",
All Countries and International Organizations,2018-1-1,,,,"11,793,105.91",
All Countries and International Organizations,2019-1-1,,,,"12,195,293.90",
All Countries and International Organizations,2020-1-1,,,,"13,122,495.20",
All Countries and International Organizations,2021-1-1,,,,"13,943,974.47",
CuraÃ§ao and Sint Maarten,2017-1-1,,,,"1,475.07",
CuraÃ§ao and Sint Maarten,2018-1-1,,,,"1,321.44",
Emerging and Developing Asia,2017-1-1,,,,"4,173,431.87",
Emerging and Developing Asia,2018-1-1,,,,"4,087,725.05",
Emerging and Developing Asia,2019-1-1,,,,"4,247,636.29",
Emerging and Developing Asia,2020-1-1,,,,"4,568,645.96",
Emerging and Developing Asia,2021-1-1,,,,"4,705,236.78",
Emerging and Developing Countries,2017-1-1,,,,"6,975,810.15",
Emerging and Developing Countries,2018-1-1,,,,"6,940,761.43",
Emerging and Developing Countries,2019-1-1,,,,"7,176,406.23",
Emerging and Developing Countries,2020-1-1,,,,"7,487,066.88",
Emerging and Developing Countries,2021-1-1,,,,"7,795,699.89",
Emerging and Developing Europe,2017-1-1,,,,"695,094.28",
Emerging and Developing Europe,2018-1-1,,,,"716,732.03",
Emerging and Developing Europe,2019-1-1,,,,"796,975.97",
Emerging and Developing Europe,2020-1-1,,,,"838,276.72",
Emerging and Developing Europe,2021-1-1,,,,"918,433.05",
European Central Bank,2017-1-1,,,,"53,342.38",
European Central Bank,2018-1-1,,,,"57,764.13",
European Central Bank,2019-1-1,,,,"57,569.13",
European Central Bank,2020-1-1,,,,"56,422.32",
European Central Bank,2021-1-1,,,,"58,654.73",
Middle East and Central Asia,2017-1-1,,,,"1,091,723.41",
Middle East and Central Asia,2018-1-1,,,,"1,111,248.13",
Middle East and Central Asia,2019-1-1,,,,"1,121,209.10",
Middle East and Central Asia,2020-1-1,,,,"1,040,050.04",
Middle East and Central Asia,2021-1-1,,,,"1,081,537.40",
Sub-Saharan Africa,2017-1-1,,,,"175,733.70",
Sub-Saharan Africa,2018-1-1,,,,"176,975.06",
Sub-Saharan Africa,2019-1-1,,,,"180,184.02",
Sub-Saharan Africa,2020-1-1,,,,"173,188.11",
Sub-Saharan Africa,2021-1-1,,,,"192,411.40",
Western Hemisphere,2017-1-1,,,,"839,826.88",
Western Hemisphere,2018-1-1,,,,"848,081.16",
Western Hemisphere,2019-1-1,,,,"830,400.85",
Western Hemisphere,2020-1-1,,,,"866,906.05",
Western Hemisphere,2021-1-1,,,,"898,081.25",
World,2017-1-1,,,,"11,797,903.50",
World,2018-1-1,,,,"11,793,105.91",
World,2019-1-1,,,,"12,195,293.90",
World,2020-1-1,,,,"13,122,495.20",
World,2021-1-1,,,,"13,943,974.47",
Afghanistan,2017-1-1,,,,,8
Afghanistan,2018-1-1,,,,,7.38
Afghanistan,2019-1-1,,,,,6.13
Afghanistan,2020-1-1,,,,,7.4
Afghanistan,2021-1-1,,,,,7.6
Armenia,2017-1-1,,,,,53.7
Armenia,2018-1-1,,,,,51.23
Armenia,2019-1-1,,,,,50.09
Armenia,2020-1-1,,,,,63.48
Armenia,2021-1-1,,,,,60.25
Azerbaijan,2017-1-1,,,,,22.51
Azerbaijan,2018-1-1,,,,,18.69
Azerbaijan,2019-1-1,,,,,17.66
Azerbaijan,2020-1-1,,,,,21.33
Azerbaijan,2021-1-1,,,,,26.45
Bahrain,2017-1-1,,,,,88.13
Bahrain,2018-1-1,,,,,94.61
Bahrain,2019-1-1,,,,,101.64
Bahrain,2020-1-1,,,,,129.73
Bahrain,2021-1-1,,,,,128.5
Belarus,2017-1-1,,,,,47.21
Belarus,2018-1-1,,,,,42.51
Belarus,2019-1-1,,,,,37.6
Belarus,2020-1-1,,,,,44.12
Belarus,2021-1-1,,,,,38.77
Central African Republic,2017-1-1,,,,,50.27
Central African Republic,2018-1-1,,,,,50.05
Central African Republic,2019-1-1,,,,,47.15
Central African Republic,2020-1-1,,,,,43.42
Central African Republic,2021-1-1,,,,,47.61
Comoros,2017-1-1,,,,,18.81
Comoros,2018-1-1,,,,,16.9
Comoros,2019-1-1,,,,,21.74
Comoros,2020-1-1,,,,,24.02
Comoros,2021-1-1,,,,,26
"Congo, Republic of ",2017-1-1,,,,,94.22
"Congo, Republic of ",2018-1-1,,,,,77.13
"Congo, Republic of ",2019-1-1,,,,,84.8
"Congo, Republic of ",2020-1-1,,,,,113.98
"Congo, Republic of ",2021-1-1,,,,,103.64
Croatia,2017-1-1,,,,,75.38
Croatia,2018-1-1,,,,,71.81
Croatia,2019-1-1,,,,,69.6
Croatia,2020-1-1,,,,,85.31
Croatia,2021-1-1,,,,,77.74
Czech Republic,2017-1-1,,,,,33.94
Czech Republic,2018-1-1,,,,,32.39
Czech Republic,2019-1-1,,,,,30.96
Czech Republic,2020-1-1,,,,,38.93
Czech Republic,2021-1-1,,,,,43.56
Dominican Republic,2017-1-1,,,,,36.05
Dominican Republic,2018-1-1,,,,,36.82
Dominican Republic,2019-1-1,,,,,39.6
Dominican Republic,2020-1-1,,,,,55.93
Dominican Republic,2021-1-1,,,,,50.02
Egypt,2017-1-1,,,,,no data
Egypt,2018-1-1,,,,,no data
Egypt,2019-1-1,,,,,no data
Egypt,2020-1-1,,,,,no data
Egypt,2021-1-1,,,,,no data
Equatorial Guinea,2017-1-1,,,,,36.24
Equatorial Guinea,2018-1-1,,,,,41.21
Equatorial Guinea,2019-1-1,,,,,43.19
Equatorial Guinea,2020-1-1,,,,,48.38
Equatorial Guinea,2021-1-1,,,,,42.8
Eritrea,2017-1-1,,,,,202.54
Eritrea,2018-1-1,,,,,185.61
Eritrea,2019-1-1,,,,,187.09
Eritrea,2020-1-1,,,,,179.66
Eritrea,2021-1-1,,,,,176.25
Estonia,2017-1-1,,,,,10
Estonia,2018-1-1,,,,,9.32
Estonia,2019-1-1,,,,,9.78
Estonia,2020-1-1,,,,,18.4
Estonia,2021-1-1,,,,,17.69
Eswatini,2017-1-1,,,,,27.99
Eswatini,2018-1-1,,,,,34.3
Eswatini,2019-1-1,,,,,39.61
Eswatini,2020-1-1,,,,,42.11
Eswatini,2021-1-1,,,,,45.82
Fiji,2017-1-1,,,,,42.22
Fiji,2018-1-1,,,,,44.81
Fiji,2019-1-1,,,,,48.43
Fiji,2020-1-1,,,,,68.86
Fiji,2021-1-1,,,,,86.15
Hong Kong SAR,2017-1-1,,,,,6.99
Hong Kong SAR,2018-1-1,,,,,6.6
Hong Kong SAR,2019-1-1,,,,,6.17
Hong Kong SAR,2020-1-1,,,,,8.36
Hong Kong SAR,2021-1-1,,,,,8.65
Iran,2017-1-1,,,,,45.04
Iran,2018-1-1,,,,,40.55
Iran,2019-1-1,,,,,42.7
Iran,2020-1-1,,,,,44.08
Iran,2021-1-1,,,,,42.4
Kazakhstan,2017-1-1,,,,,18.75
Kazakhstan,2018-1-1,,,,,18.88
Kazakhstan,2019-1-1,,,,,18.48
Kazakhstan,2020-1-1,,,,,23.58
Kazakhstan,2021-1-1,,,,,22.31
"Korea, Republic of",2017-1-1,,,,,34.18
"Korea, Republic of",2018-1-1,,,,,34.34
"Korea, Republic of",2019-1-1,,,,,36.32
"Korea, Republic of",2020-1-1,,,,,42.21
"Korea, Republic of",2021-1-1,,,,,45.33
Kosovo,2017-1-1,,,,,16.38
Kosovo,2018-1-1,,,,,17.14
Kosovo,2019-1-1,,,,,17.67
Kosovo,2020-1-1,,,,,22.49
Kosovo,2021-1-1,,,,,22.41
Kyrgyz Republic,2017-1-1,,,,,58.79
Kyrgyz Republic,2018-1-1,,,,,54.82
Kyrgyz Republic,2019-1-1,,,,,51.6
Kyrgyz Republic,2020-1-1,,,,,67.65
Kyrgyz Republic,2021-1-1,,,,,61.12
Lao P.D.R.,2017-1-1,,,,,57.2
Lao P.D.R.,2018-1-1,,,,,59.65
Lao P.D.R.,2019-1-1,,,,,62.02
Lao P.D.R.,2020-1-1,,,,,82.75
Lao P.D.R.,2021-1-1,,,,,93.54
Lesotho,2017-1-1,,,,,40.04
Lesotho,2018-1-1,,,,,49.04
Lesotho,2019-1-1,,,,,50.46
Lesotho,2020-1-1,,,,,54.19
Lesotho,2021-1-1,,,,,53.52
Madagascar,2017-1-1,,,,,40.14
Madagascar,2018-1-1,,,,,42.89
Madagascar,2019-1-1,,,,,40.62
Madagascar,2020-1-1,,,,,50.82
Madagascar,2021-1-1,,,,,53.13
Mauritania,2017-1-1,,,,,54.76
Mauritania,2018-1-1,,,,,57.9
Mauritania,2019-1-1,,,,,55.67
Mauritania,2020-1-1,,,,,55.82
Mauritania,2021-1-1,,,,,51.66
Moldova,2017-1-1,,,,,29.35
Moldova,2018-1-1,,,,,27.51
Moldova,2019-1-1,,,,,25.45
Moldova,2020-1-1,,,,,33.96
Moldova,2021-1-1,,,,,32.15
Mozambique,2017-1-1,,,,,104.15
Mozambique,2018-1-1,,,,,106.75
Mozambique,2019-1-1,,,,,99.05
Mozambique,2020-1-1,,,,,119.96
Mozambique,2021-1-1,,,,,106.37
North Macedonia ,2017-1-1,,,,,39.29
North Macedonia ,2018-1-1,,,,,40.31
North Macedonia ,2019-1-1,,,,,40.36
North Macedonia ,2020-1-1,,,,,51.71
North Macedonia ,2021-1-1,,,,,51.65
Poland,2017-1-1,,,,,46.66
Poland,2018-1-1,,,,,44.98
Poland,2019-1-1,,,,,42.44
Poland,2020-1-1,,,,,46.92
Poland,2021-1-1,,,,,43.4
Saint Kitts and Nevis,2017-1-1,,,,,31.83
Saint Kitts and Nevis,2018-1-1,,,,,25.4
Saint Kitts and Nevis,2019-1-1,,,,,22.86
Saint Kitts and Nevis,2020-1-1,,,,,25.5
Saint Kitts and Nevis,2021-1-1,,,,,25.33
Saint Lucia,2017-1-1,,,,,60.44
Saint Lucia,2018-1-1,,,,,60.65
Saint Lucia,2019-1-1,,,,,62.15
Saint Lucia,2020-1-1,,,,,99.7
Saint Lucia,2021-1-1,,,,,96.02
Saint Vincent and the Grenadines,2017-1-1,,,,,57.78
Saint Vincent and the Grenadines,2018-1-1,,,,,58.83
Saint Vincent and the Grenadines,2019-1-1,,,,,61.27
Saint Vincent and the Grenadines,2020-1-1,,,,,72.43
Saint Vincent and the Grenadines,2021-1-1,,,,,no data
San Marino,2017-1-1,,,,,56.73
San Marino,2018-1-1,,,,,57.2
San Marino,2019-1-1,,,,,57.41
San Marino,2020-1-1,,,,,71.65
San Marino,2021-1-1,,,,,89.18
Serbia,2017-1-1,,,,,57.91
Serbia,2018-1-1,,,,,53.73
Serbia,2019-1-1,,,,,52.04
Serbia,2020-1-1,,,,,57.39
Serbia,2021-1-1,,,,,56.52
Slovak Republic,2017-1-1,,,,,56.08
Slovak Republic,2018-1-1,,,,,54.31
Slovak Republic,2019-1-1,,,,,52.67
Slovak Republic,2020-1-1,,,,,65.24
Slovak Republic,2021-1-1,,,,,67.37
Slovenia,2017-1-1,,,,,66.82
Slovenia,2018-1-1,,,,,63.61
Slovenia,2019-1-1,,,,,58.85
Slovenia,2020-1-1,,,,,72.99
Slovenia,2021-1-1,,,,,68.72
"South Sudan, Republic of",2017-1-1,,,,,60.7
"South Sudan, Republic of",2018-1-1,,,,,46.3
"South Sudan, Republic of",2019-1-1,,,,,28.09
"South Sudan, Republic of",2020-1-1,,,,,36.35
"South Sudan, Republic of",2021-1-1,,,,,64.69
Syria,2017-1-1,,,,,no data
Syria,2018-1-1,,,,,no data
Syria,2019-1-1,,,,,no data
Syria,2020-1-1,,,,,no data
Syria,2021-1-1,,,,,no data
São Tomé and Príncipe,2017-1-1,,,,,85.84
São Tomé and Príncipe,2018-1-1,,,,,93.89
São Tomé and Príncipe,2019-1-1,,,,,71.57
São Tomé and Príncipe,2020-1-1,,,,,81.37
São Tomé and Príncipe,2021-1-1,,,,,72.38
Timor-Leste,2017-1-1,,,,,6.58
Timor-Leste,2018-1-1,,,,,9.15
Timor-Leste,2019-1-1,,,,,11.34
Timor-Leste,2020-1-1,,,,,13.68
Timor-Leste,2021-1-1,,,,,14.08
Turkmenistan,2017-1-1,,,,,19.78
Turkmenistan,2018-1-1,,,,,18.9
Turkmenistan,2019-1-1,,,,,15.29
Turkmenistan,2020-1-1,,,,,13.12
Turkmenistan,2021-1-1,,,,,11.08
Tuvalu,2017-1-1,,,,,12.05
Tuvalu,2018-1-1,,,,,11.84
"Türkiye, Republic of",2017-1-1,,,,,27.97
"Türkiye, Republic of",2018-1-1,,,,,28.39
"Türkiye, Republic of",2019-1-1,,,,,30.82
"Türkiye, Republic of",2020-1-1,,,,,35.91
"Türkiye, Republic of",2021-1-1,,,,,37.91
Venezuela,2017-1-1,,,,,108.6
Venezuela,2018-1-1,,,,,47.63
Venezuela,2019-1-1,,,,,68.51
Venezuela,2020-1-1,,,,,54.56
Venezuela,2021-1-1,,,,,52.87
Yemen,2017-1-1,,,,,77.43
Yemen,2018-1-1,,,,,74.54
Yemen,2019-1-1,,,,,76.53
Yemen,2020-1-1,,,,,83.96
Yemen,2021-1-1,,,,,69.73
"©IMF, 2022",2017-1-1,,,,,
"©IMF, 2022",2018-1-1,,,,,
"©IMF, 2022",2019-1-1,,,,,
"©IMF, 2022",2020-1-1,,,,,
"©IMF, 2022",2021-1-1,,,,,
,2017-1-1,,,,,
,2018-1-1,,,,,
,2019-1-1,,,,,
,2020-1-1,,,,,
,2021-1-1,,,,,
